company,month,units
Aabo,2023-09-01,2000.0
Aabo,2023-10-01,1400.0
Aabo,2023-11-01,1550.0
Aabo,2023-12-01,1625.0
Aabo,2024-01-01,1685.0
Aabo,2024-02-01,1780.0
Aabo,2024-03-01,1950.0
Aabo,2024-04-01,2237.0
Aabo,2024-05-01,2470.0
Aabo,2024-06-01,2915.0
Aabo,2024-07-01,3620.0
Aabo,2024-08-01,4425.0
Aabo,2024-09-01,5275.0
Aabo,2024-10-01,7585.0
Aabo,2024-11-01,9995.0
Aabo,2024-12-01,10400.0
Aabo,2025-01-01,5625.0
Aabo,2025-02-01,5130.0
Aabo,2025-03-01,4068.0
Aabo,2025-04-01,2875.0
Aabo,2025-05-01,2945.0
Aabo,2025-06-01,2975.0
Aabo,2025-07-01,2240.0
Aabo,2025-08-01,1892.0
Aabo,2025-09-01,1491.0
Aabo,2025-10-01,1686.0
Aabo,2025-11-01,1287.0
Aabo,2025-12-01,1196.0
Aabo,2026-01-01,848.0
Aabo,2026-02-01,935.0
Aabo,2026-03-01,962.0
Amazon.com,2023-09-01,32898.0
Amazon.com,2023-10-01,9999.0
Amazon.com,2023-12-01,3700.0
Amazon.com,2024-01-01,10780.0
Amazon.com,2024-02-01,1998.0
Amazon.com,2024-04-01,50050.0
Amazon.com,2024-05-01,7735.0
Amazon.com,2024-06-01,44787.0
Amazon.com,2024-08-01,4050.0
Amazon.com,2024-09-01,52157.0
Amazon.com,2024-10-01,72470.0
Amazon.com,2024-11-01,6120.0
Amazon.com,2025-02-01,23110.0
Amazon.com,2025-03-01,9580.0
Amazon.com,2025-05-01,4408.0
Amazon.com,2025-06-01,29328.0
Amazon.com,2025-07-01,18350.0
Amazon.com,2025-08-01,24051.0
Amazon.com,2025-09-01,27515.0
Amazon.com,2025-10-01,23335.0
Amazon.com,2025-11-01,11032.0
Amazon.com,2025-12-01,8969.0
Amazon.com,2026-01-01,5398.0
Amazon.com,2026-02-01,3179.0
Amazon.com,2026-03-01,4150.0
Ambrane,2023-01-01,76273.0
Ambrane,2023-02-01,73572.0
Ambrane,2023-03-01,55770.0
Ambrane,2023-04-01,50967.0
Ambrane,2023-05-01,131719.0
Ambrane,2023-06-01,62935.0
Ambrane,2023-07-01,47554.0
Ambrane,2023-08-01,43000.0
Ambrane,2023-09-01,47805.0
Ambrane,2023-10-01,17716.0
Ambrane,2023-11-01,16523.0
Ambrane,2023-12-01,5769.0
Ambrane,2024-01-01,23222.0
Ambrane,2024-02-01,24838.0
Ambrane,2024-03-01,3404.0
Ambrane,2024-04-01,6759.0
Ambrane,2024-05-01,9984.0
Ambrane,2024-06-01,4745.0
Ambrane,2024-07-01,11120.0
Ambrane,2024-08-01,7660.0
Ambrane,2024-09-01,7002.0
Ambrane,2024-10-01,5290.0
Ambrane,2024-11-01,5430.0
Ambrane,2024-12-01,9379.0
Ambrane,2025-01-01,1235.0
Ambrane,2025-02-01,3559.0
Ambrane,2025-03-01,3028.0
Anker,2020-01-01,1300.0
Anker,2020-02-01,250.0
Anker,2020-03-01,1300.0
Anker,2020-05-01,10000.0
Anker,2020-06-01,19030.0
Anker,2020-07-01,9830.0
Anker,2020-08-01,4030.0
Anker,2020-09-01,15000.0
Anker,2020-10-01,29220.0
Anker,2020-12-01,12249.0
Anker,2021-01-01,15999.0
Anker,2021-04-01,2985.0
Anker,2021-10-01,72746.0
Anker,2021-11-01,68616.0
Anker,2021-12-01,43447.0
Anker,2022-01-01,99468.0
Anker,2022-02-01,44263.0
Anker,2022-03-01,15220.0
Anker,2022-05-01,9997.0
Anker,2022-08-01,6789.0
Anker,2022-09-01,4518.0
Anker,2022-10-01,8995.0
Anker,2022-11-01,232.0
Anker,2023-03-01,5621.0
Anker,2023-04-01,4379.0
Anker,2023-05-01,2987.0
Anker,2023-06-01,32.0
Anker,2023-07-01,25678.0
Anker,2023-08-01,41588.0
Anker,2023-09-01,74467.0
Anker,2023-10-01,28405.0
Anker,2023-11-01,24237.0
Anker,2023-12-01,3980.0
Anker,2024-01-01,9095.0
Anker,2024-02-01,19520.0
Anker,2024-03-01,18225.0
Anker,2024-04-01,7250.0
Anker,2024-05-01,3210.0
Anker,2024-06-01,8203.0
Anker,2024-07-01,16521.0
Anker,2024-08-01,15420.0
Anker,2024-09-01,2254.0
Anker,2024-10-01,10696.0
Anker,2024-11-01,540.0
Anker,2024-12-01,1120.0
Anker,2025-01-01,2116.0
Anker,2025-02-01,3664.0
Anker,2025-03-01,8940.0
Anker,2025-04-01,3255.0
Anker,2025-05-01,10940.0
Anker,2025-06-01,19405.0
Anker,2025-07-01,45575.0
Anker,2025-08-01,69220.0
Anker,2025-09-01,25565.0
Anker,2025-10-01,11308.0
Anker,2025-11-01,18900.0
Anker,2025-12-01,9655.0
Anker,2026-01-01,1768.0
Anker,2026-02-01,1867.0
Anker,2026-03-01,6162.0
Apple,2020-01-01,44242.0
Apple,2020-02-01,49194.0
Apple,2020-03-01,58768.0
Apple,2020-05-01,21783.0
Apple,2020-06-01,52166.0
Apple,2020-07-01,61773.0
Apple,2020-08-01,181924.0
Apple,2020-09-01,201435.0
Apple,2020-10-01,197620.0
Apple,2020-11-01,128651.0
Apple,2020-12-01,27993.0
Apple,2021-01-01,76751.0
Apple,2021-02-01,46285.0
Apple,2021-03-01,61985.0
Apple,2021-04-01,17127.0
Apple,2021-05-01,43378.0
Apple,2021-06-01,32702.0
Apple,2021-07-01,138335.0
Apple,2021-08-01,166156.0
Apple,2021-09-01,272760.0
Apple,2021-10-01,75960.0
Apple,2021-11-01,83812.0
Apple,2021-12-01,102005.0
Apple,2022-01-01,31803.0
Apple,2022-02-01,38249.0
Apple,2022-03-01,34695.0
Apple,2022-04-01,42104.0
Apple,2022-05-01,57009.0
Apple,2022-06-01,56289.0
Apple,2022-07-01,70503.0
Apple,2022-08-01,170400.0
Apple,2022-09-01,204216.0
Apple,2022-10-01,129214.0
Apple,2022-11-01,70748.0
Apple,2022-12-01,47680.0
Apple,2023-01-01,38060.0
Apple,2023-02-01,54855.0
Apple,2023-03-01,76289.0
Apple,2023-04-01,36639.0
Apple,2023-05-01,68568.0
Apple,2023-06-01,40419.0
Apple,2023-07-01,163801.0
Apple,2023-08-01,67273.0
Apple,2023-09-01,156612.0
Apple,2023-10-01,190354.0
Apple,2023-11-01,107057.0
Apple,2023-12-01,47305.0
Apple,2024-01-01,91921.0
Apple,2024-02-01,54929.0
Apple,2024-03-01,92576.0
Apple,2024-04-01,87673.0
Apple,2024-05-01,45590.0
Apple,2024-06-01,83842.0
Apple,2024-07-01,99775.0
Apple,2024-08-01,228187.0
Apple,2024-09-01,313163.0
Apple,2024-10-01,226730.0
Apple,2024-11-01,51088.0
Apple,2024-12-01,119493.0
Apple,2025-01-01,79711.0
Apple,2025-02-01,48250.0
Apple,2025-03-01,51402.0
Apple,2025-04-01,64746.0
Apple,2025-05-01,82474.0
Apple,2025-06-01,98876.0
Apple,2025-07-01,115902.0
Apple,2025-08-01,160274.0
Apple,2025-09-01,288385.0
Apple,2025-10-01,178602.0
Apple,2025-11-01,106006.0
Apple,2025-12-01,183921.0
Apple,2026-01-01,106154.0
Apple,2026-02-01,54330.0
Apple,2026-03-01,110305.0
Avantari,2023-10-01,543.0
Avantari,2023-12-01,50.0
Avantari,2024-01-01,40.0
Avantari,2024-02-01,1213.0
Avantari,2024-03-01,475.0
Avantari,2024-04-01,543.0
Avantari,2024-05-01,144.0
Avantari,2024-06-01,100.0
Avantari,2024-09-01,50.0
BBK,2023-09-01,2160.0
BBK,2023-10-01,1440.0
BBK,2023-12-01,2880.0
BBK,2024-02-01,2880.0
BBK,2024-03-01,640.0
BBK,2024-08-01,1439.0
BBK,2024-09-01,1441.0
BBK,2024-10-01,1440.0
BBK,2024-12-01,780.0
BBK,2025-01-01,1500.0
BBK,2025-03-01,1672.0
BBK,2025-04-01,512.0
BBK,2025-05-01,2240.0
BBK,2025-06-01,1152.0
BBK,2025-07-01,1733.0
BBK,2025-08-01,2040.0
BBK,2025-09-01,1107.0
BBK,2025-10-01,2800.0
BBK,2025-12-01,1440.0
BBK,2026-01-01,720.0
BBK,2026-02-01,150.0
BBK,2026-03-01,435.0
Bang and Olufsen,2023-10-01,50.0
Bang and Olufsen,2023-11-01,10.0
Bang and Olufsen,2023-12-01,5.0
Bang and Olufsen,2024-01-01,20.0
Bang and Olufsen,2024-02-01,20.0
Bang and Olufsen,2024-03-01,27.0
Bang and Olufsen,2024-04-01,19.0
Bang and Olufsen,2024-05-01,47.0
Bang and Olufsen,2024-06-01,38.0
Bang and Olufsen,2024-07-01,51.0
Bang and Olufsen,2024-08-01,74.0
Bang and Olufsen,2024-09-01,54.0
Bang and Olufsen,2024-10-01,61.0
Bang and Olufsen,2024-11-01,39.0
Bang and Olufsen,2024-12-01,51.0
Bang and Olufsen,2025-01-01,53.0
Bang and Olufsen,2025-02-01,16.0
Bang and Olufsen,2025-03-01,54.0
Bang and Olufsen,2025-04-01,26.0
Bang and Olufsen,2025-05-01,83.0
Bang and Olufsen,2025-06-01,11.0
Bang and Olufsen,2025-07-01,104.0
Bang and Olufsen,2025-08-01,29.0
Bang and Olufsen,2025-09-01,143.0
Bang and Olufsen,2025-10-01,95.0
Bang and Olufsen,2025-11-01,38.0
Bang and Olufsen,2025-12-01,18.0
Bang and Olufsen,2026-01-01,47.0
Bang and Olufsen,2026-02-01,50.0
Bang and Olufsen,2026-03-01,48.0
BeatXP,2023-01-01,39761.0
BeatXP,2023-02-01,58326.0
BeatXP,2023-03-01,20202.0
BeatXP,2023-04-01,35137.0
BeatXP,2023-05-01,103279.0
BeatXP,2023-06-01,90980.0
BeatXP,2023-07-01,102714.0
BeatXP,2023-08-01,189229.0
BeatXP,2023-09-01,371487.0
BeatXP,2023-10-01,613463.0
BeatXP,2023-11-01,299210.0
BeatXP,2023-12-01,265339.0
BeatXP,2024-01-01,193108.0
BeatXP,2024-02-01,163175.0
BeatXP,2024-03-01,78357.0
BeatXP,2024-04-01,172303.0
BeatXP,2024-05-01,93287.0
BeatXP,2024-06-01,104756.0
BeatXP,2024-07-01,97508.0
BeatXP,2024-08-01,92609.0
BeatXP,2024-09-01,65801.0
BeatXP,2024-10-01,12174.0
BeatXP,2024-11-01,9103.0
BeatXP,2024-12-01,6705.0
BeatXP,2025-01-01,12569.0
BeatXP,2025-03-01,1036.0
BeatXP,2025-04-01,5176.0
Bonatra,2023-09-01,999.0
Bonatra,2023-10-01,146.0
Bonatra,2023-11-01,162.0
Bonatra,2023-12-01,115.0
Bonatra,2024-01-01,285.0
Bonatra,2024-02-01,402.0
Bonatra,2024-03-01,438.0
Bonatra,2024-04-01,648.0
Bonatra,2024-05-01,783.0
Bonatra,2024-06-01,863.0
Bonatra,2024-07-01,865.0
Bonatra,2024-08-01,870.0
Bonatra,2024-09-01,925.0
Bonatra,2024-10-01,860.0
Bonatra,2024-11-01,815.0
Bonatra,2024-12-01,725.0
Bonatra,2025-01-01,650.0
Bose,2020-01-01,90.0
Bose,2020-03-01,3466.0
Bose,2020-05-01,768.0
Bose,2020-07-01,150.0
Bose,2020-08-01,350.0
Bose,2020-09-01,6352.0
Bose,2020-10-01,6134.0
Bose,2020-11-01,8270.0
Bose,2020-12-01,2471.0
Bose,2021-05-01,1732.0
Bose,2021-06-01,348.0
Bose,2021-07-01,2342.0
Bose,2021-08-01,3499.0
Bose,2021-09-01,6142.0
Bose,2021-10-01,7241.0
Bose,2021-11-01,4224.0
Bose,2021-12-01,525.0
Bose,2022-01-01,2752.0
Bose,2022-02-01,2999.0
Bose,2022-03-01,4727.0
Bose,2022-04-01,535.0
Bose,2022-05-01,142.0
Bose,2022-06-01,97.0
Bose,2022-07-01,3536.0
Bose,2022-08-01,8508.0
Bose,2022-09-01,6285.0
Bose,2022-10-01,4545.0
Bose,2022-11-01,1296.0
Bose,2022-12-01,354.0
Bose,2023-01-01,3996.0
Bose,2023-02-01,210.0
Bose,2023-03-01,5016.0
Bose,2023-04-01,96.0
Bose,2023-05-01,11304.0
Bose,2023-06-01,2766.0
Bose,2023-07-01,4644.0
Bose,2023-08-01,840.0
Bose,2023-09-01,7314.0
Bose,2023-10-01,8982.0
Bose,2023-11-01,1326.0
Bose,2023-12-01,8289.0
Bose,2024-01-01,3681.0
Bose,2024-02-01,6943.0
Bose,2024-03-01,6396.0
Bose,2024-04-01,4176.0
Bose,2024-05-01,6168.0
Bose,2024-06-01,5076.0
Bose,2024-07-01,6597.0
Bose,2024-08-01,5937.0
Bose,2024-09-01,7466.0
Bose,2024-10-01,11842.0
Bose,2024-11-01,3347.0
Bose,2024-12-01,6009.0
Bose,2025-01-01,6871.0
Bose,2025-02-01,3765.0
Bose,2025-03-01,4669.0
Bose,2025-04-01,1598.0
Bose,2025-05-01,2355.0
Bose,2025-06-01,2838.0
Bose,2025-07-01,3282.0
Bose,2025-08-01,2563.0
Bose,2025-09-01,2770.0
Bose,2025-10-01,4081.0
Bose,2025-11-01,1810.0
Bose,2025-12-01,2097.0
Bose,2026-01-01,2185.0
Bose,2026-02-01,1560.0
Bose,2026-03-01,2059.0
Brandscale,2022-12-01,408378.0
Brandscale,2023-01-01,91537.0
Brandscale,2023-02-01,40952.0
Brandscale,2023-03-01,23895.0
Brandscale,2023-04-01,19886.0
Brandscale,2023-05-01,25862.0
Brandscale,2023-06-01,133943.0
Brandscale,2023-07-01,189770.0
Brandscale,2023-08-01,330392.0
Brandscale,2023-09-01,54375.0
Brandscale,2023-11-01,54390.0
Brandscale,2023-12-01,12953.000000000002
Brandscale,2024-01-01,10500.0
Brandscale,2024-02-01,39999.0
Brandscale,2024-06-01,11558.0
COROS,2025-01-01,30.0
COROS,2025-03-01,79.0
COROS,2025-04-01,240.0
COROS,2025-05-01,226.0
COROS,2025-06-01,324.0
COROS,2025-07-01,219.0
COROS,2025-08-01,65.0
COROS,2025-09-01,334.0
COROS,2025-10-01,489.0
COROS,2025-11-01,305.0
COROS,2026-01-01,300.0
COROS,2026-02-01,332.0
COROS,2026-03-01,103.0
Casio,2023-05-01,2300.0
Casio,2023-06-01,4390.0
Casio,2023-07-01,1110.0
Casio,2023-08-01,510.0
Casio,2023-09-01,602.0
Casio,2023-10-01,3837.0
Casio,2023-11-01,200.0
Casio,2023-12-01,550.0
Casio,2024-01-01,810.0
Casio,2024-03-01,640.0
Casio,2024-04-01,6506.0
Casio,2024-05-01,1090.0
Casio,2024-06-01,1580.0
Casio,2024-07-01,3080.0
Casio,2024-08-01,2680.0
Casio,2024-09-01,1892.0
Casio,2024-11-01,410.0
Casio,2024-12-01,2390.0
Casio,2025-01-01,495.0
Casio,2025-02-01,401.0
Casio,2025-03-01,115.0
Casio,2025-04-01,1480.0
Casio,2025-05-01,3490.0
Casio,2025-06-01,3740.0
Casio,2025-07-01,3850.0
Casio,2025-08-01,3300.0
Casio,2025-09-01,1646.0
Casio,2025-10-01,3560.0
Casio,2025-11-01,1920.0
Casio,2025-12-01,2550.0
Casio,2026-01-01,2770.0
Casio,2026-02-01,1162.0
Casio,2026-03-01,1966.0
Citizen,2023-07-01,2.0
Coolpad,2021-01-01,7983.0
Crossbeats,2020-01-01,2999.0
Crossbeats,2020-06-01,5061.0
Crossbeats,2020-07-01,6948.0
Crossbeats,2020-08-01,4496.0
Crossbeats,2020-09-01,1511.0
Crossbeats,2020-10-01,7963.0
Crossbeats,2020-11-01,4963.0
Crossbeats,2020-12-01,7106.0
Crossbeats,2021-01-01,4985.0
Crossbeats,2021-02-01,4489.0
Crossbeats,2021-03-01,5402.0
Crossbeats,2021-04-01,3001.0
Crossbeats,2021-05-01,5966.0
Crossbeats,2021-06-01,4224.0
Crossbeats,2021-07-01,4976.0
Crossbeats,2021-08-01,6395.0
Crossbeats,2021-09-01,15520.0
Crossbeats,2021-10-01,22871.0
Crossbeats,2021-11-01,9114.0
Crossbeats,2021-12-01,11846.0
Crossbeats,2022-01-01,6874.0
Crossbeats,2022-02-01,490.0
Crossbeats,2022-03-01,7297.0
Crossbeats,2022-04-01,17761.0
Crossbeats,2022-05-01,9543.0
Crossbeats,2022-06-01,15789.0
Crossbeats,2022-07-01,18960.0
Crossbeats,2022-08-01,19946.0
Crossbeats,2022-09-01,17147.0
Crossbeats,2022-10-01,21788.0
Crossbeats,2022-11-01,10581.999999999998
Crossbeats,2022-12-01,19390.0
Crossbeats,2023-01-01,23373.0
Crossbeats,2023-02-01,27067.0
Crossbeats,2023-03-01,14837.0
Crossbeats,2023-04-01,11416.0
Crossbeats,2023-05-01,19435.0
Crossbeats,2023-06-01,6290.0
Crossbeats,2023-07-01,11526.0
Crossbeats,2023-08-01,13698.0
Crossbeats,2023-09-01,16115.0
Crossbeats,2023-10-01,11625.0
Crossbeats,2023-11-01,7082.0
Crossbeats,2023-12-01,13180.0
Crossbeats,2024-01-01,9586.0
Crossbeats,2024-02-01,11564.0
Crossbeats,2024-03-01,2006.0
Crossbeats,2024-04-01,4050.0
Crossbeats,2024-05-01,13090.0
Crossbeats,2024-06-01,2037.0
Crossbeats,2024-07-01,8442.0
Crossbeats,2024-08-01,2000.0
Crossbeats,2024-09-01,1013.0
Crossbeats,2024-10-01,5128.0
Crossbeats,2024-12-01,6032.0
Crossbeats,2025-01-01,12115.0
Crossbeats,2025-03-01,4500.0
Crossbeats,2025-04-01,6039.0
Crossbeats,2025-05-01,4500.0
Crossbeats,2025-07-01,2010.0
Crossbeats,2025-08-01,5060.0
Crossbeats,2025-09-01,4451.0
Crossbeats,2025-10-01,5500.0
Crossbeats,2025-12-01,8015.0
Crossbeats,2026-01-01,3000.0
Crossbeats,2026-02-01,3115.0
Crossbeats,2026-03-01,4039.0
Dizo Innovation Pvt. Ltd,2021-07-01,86568.0
Dizo Innovation Pvt. Ltd,2021-08-01,24848.0
Dizo Innovation Pvt. Ltd,2021-09-01,253140.0
Dizo Innovation Pvt. Ltd,2021-10-01,98079.0
Dizo Innovation Pvt. Ltd,2021-11-01,80406.0
Dizo Innovation Pvt. Ltd,2021-12-01,91007.0
Dizo Innovation Pvt. Ltd,2022-01-01,102626.0
Dizo Innovation Pvt. Ltd,2022-02-01,74233.0
Dizo Innovation Pvt. Ltd,2022-03-01,145760.0
Dizo Innovation Pvt. Ltd,2022-04-01,65571.0
Dizo Innovation Pvt. Ltd,2022-05-01,96827.0
Dizo Innovation Pvt. Ltd,2022-06-01,119254.0
Dizo Innovation Pvt. Ltd,2022-07-01,111181.0
Dizo Innovation Pvt. Ltd,2022-08-01,136701.0
Dizo Innovation Pvt. Ltd,2022-09-01,134477.0
Dizo Innovation Pvt. Ltd,2022-10-01,55698.0
Dizo Innovation Pvt. Ltd,2022-11-01,49324.0
Dizo Innovation Pvt. Ltd,2022-12-01,40456.0
Dizo Innovation Pvt. Ltd,2023-01-01,63421.0
Dizo Innovation Pvt. Ltd,2023-02-01,40176.0
Dynamic Conglomerate,2023-10-01,24045.0
Dynamic Conglomerate,2023-11-01,9987.0
Dynamic Conglomerate,2024-01-01,10001.0
Dynamic Conglomerate,2024-04-01,49080.0
Dynamic Conglomerate,2024-07-01,11941.0
Dynamic Conglomerate,2024-09-01,15150.0
Dynamic Conglomerate,2024-10-01,41284.0
Dynamic Conglomerate,2024-11-01,13172.0
Dynamic Conglomerate,2024-12-01,14001.0
Dynamic Conglomerate,2025-01-01,12000.0
Dynamic Conglomerate,2025-02-01,17338.0
Dynamic Conglomerate,2025-04-01,3092.0
Dynamic Conglomerate,2025-05-01,3160.0
Dynamic Conglomerate,2025-06-01,3105.0
Dynamic Conglomerate,2025-07-01,565.0
Dynamic Conglomerate,2025-08-01,7012.0
Dynamic Conglomerate,2025-09-01,3445.0
Dynamic Conglomerate,2025-10-01,9227.0
Dynamic Conglomerate,2025-11-01,2512.0
Dynamic Conglomerate,2025-12-01,8211.0
Dynamic Conglomerate,2026-01-01,54.0
Dynamic Conglomerate,2026-02-01,4075.0
Dynamic Conglomerate,2026-03-01,5299.0
Eccentric Enterprises,2020-01-01,4136.0
Eccentric Enterprises,2020-02-01,2620.0
Eccentric Enterprises,2020-03-01,511.99999999999994
Eccentric Enterprises,2020-05-01,2535.0
Eccentric Enterprises,2020-06-01,7449.0
Eccentric Enterprises,2020-07-01,21634.0
Eccentric Enterprises,2020-08-01,18477.0
Eccentric Enterprises,2020-09-01,23955.0
Eccentric Enterprises,2020-10-01,30358.0
Eccentric Enterprises,2020-11-01,18835.0
Eccentric Enterprises,2020-12-01,16296.0
Eccentric Enterprises,2021-01-01,18442.0
Eccentric Enterprises,2021-02-01,18039.0
Eccentric Enterprises,2021-03-01,20138.0
Eccentric Enterprises,2021-04-01,39968.0
Eccentric Enterprises,2021-05-01,36461.0
Eccentric Enterprises,2021-06-01,50006.0
Eccentric Enterprises,2021-07-01,56318.0
Eccentric Enterprises,2021-08-01,115695.0
Eccentric Enterprises,2021-09-01,94003.0
Eccentric Enterprises,2021-10-01,51605.0
Eccentric Enterprises,2021-11-01,33198.0
Eccentric Enterprises,2021-12-01,86535.0
Eccentric Enterprises,2022-01-01,59031.0
Eccentric Enterprises,2022-02-01,57002.0
Eccentric Enterprises,2022-03-01,26460.0
Eccentric Enterprises,2022-04-01,72712.0
Eccentric Enterprises,2022-05-01,105874.0
Eccentric Enterprises,2022-06-01,71189.0
Eccentric Enterprises,2022-07-01,134407.0
Eccentric Enterprises,2022-08-01,158107.0
Eccentric Enterprises,2022-09-01,214304.0
Eccentric Enterprises,2022-10-01,71255.0
Eccentric Enterprises,2022-11-01,52474.0
Eccentric Enterprises,2022-12-01,95510.0
Eccentric Enterprises,2023-01-01,99750.0
Eccentric Enterprises,2023-02-01,71671.0
Eccentric Enterprises,2023-03-01,97651.0
Eccentric Enterprises,2023-04-01,106021.0
Eccentric Enterprises,2023-05-01,77014.0
Eccentric Enterprises,2023-06-01,74629.0
Eccentric Enterprises,2023-07-01,68542.0
Eccentric Enterprises,2023-08-01,111407.0
Eccentric Enterprises,2023-09-01,139584.0
Eccentric Enterprises,2023-10-01,7126.0
Eccentric Enterprises,2023-11-01,18234.0
Eccentric Enterprises,2023-12-01,66747.0
Eccentric Enterprises,2024-01-01,45438.0
Eccentric Enterprises,2024-02-01,77207.0
Eccentric Enterprises,2024-03-01,59684.0
Eccentric Enterprises,2024-04-01,80556.0
Eccentric Enterprises,2024-05-01,70471.0
Eccentric Enterprises,2024-06-01,84299.0
Eccentric Enterprises,2024-07-01,94790.0
Eccentric Enterprises,2024-08-01,190810.0
Eccentric Enterprises,2024-09-01,40698.0
Eccentric Enterprises,2024-10-01,68130.0
Eccentric Enterprises,2024-11-01,45802.0
Eccentric Enterprises,2024-12-01,77768.0
Eccentric Enterprises,2025-01-01,96369.0
Eccentric Enterprises,2025-02-01,65889.0
Eccentric Enterprises,2025-03-01,81262.0
Eccentric Enterprises,2025-04-01,92012.0
Eccentric Enterprises,2025-05-01,117736.0
Eccentric Enterprises,2025-06-01,81439.0
Eccentric Enterprises,2025-07-01,93859.0
Eccentric Enterprises,2025-08-01,89483.0
Eccentric Enterprises,2025-09-01,104609.0
Eccentric Enterprises,2025-10-01,104273.0
Eccentric Enterprises,2025-11-01,84188.0
Eccentric Enterprises,2025-12-01,87888.0
Eccentric Enterprises,2026-01-01,81228.0
Eccentric Enterprises,2026-02-01,66012.0
Eccentric Enterprises,2026-03-01,67324.0
Edifier,2026-01-01,4906.0
Edifier,2026-02-01,100.0
Edifier,2026-03-01,577.0
Fire - Boltt,2020-01-01,7584.0
Fire - Boltt,2020-02-01,4890.0
Fire - Boltt,2020-05-01,7467.0
Fire - Boltt,2020-06-01,4485.0
Fire - Boltt,2020-07-01,11767.0
Fire - Boltt,2020-08-01,11289.0
Fire - Boltt,2020-09-01,23498.0
Fire - Boltt,2020-10-01,62000.0
Fire - Boltt,2020-11-01,2980.0
Fire - Boltt,2020-12-01,7997.0
Fire - Boltt,2021-01-01,26990.0
Fire - Boltt,2021-02-01,17010.0
Fire - Boltt,2021-03-01,12512.0
Fire - Boltt,2021-04-01,37513.0
Fire - Boltt,2021-05-01,25566.0
Fire - Boltt,2021-06-01,43607.0
Fire - Boltt,2021-07-01,158993.0
Fire - Boltt,2021-08-01,165808.0
Fire - Boltt,2021-09-01,346623.0
Fire - Boltt,2021-10-01,241892.0
Fire - Boltt,2021-11-01,213777.0
Fire - Boltt,2021-12-01,173120.0
Fire - Boltt,2022-01-01,317056.0
Fire - Boltt,2022-02-01,229206.0
Fire - Boltt,2022-03-01,370503.0
Fire - Boltt,2022-04-01,318663.0
Fire - Boltt,2022-05-01,499173.0
Fire - Boltt,2022-06-01,817105.0
Fire - Boltt,2022-07-01,1061114.0
Fire - Boltt,2022-08-01,745560.0
Fire - Boltt,2022-09-01,1517195.0
Fire - Boltt,2022-10-01,906237.0
Fire - Boltt,2022-11-01,601058.0
Fire - Boltt,2022-12-01,693200.0
Fire - Boltt,2023-01-01,1131098.0
Fire - Boltt,2023-02-01,974061.0
Fire - Boltt,2023-03-01,995984.0
Fire - Boltt,2023-04-01,1121571.0
Fire - Boltt,2023-05-01,1101654.0
Fire - Boltt,2023-06-01,899614.0
Fire - Boltt,2023-07-01,941880.0
Fire - Boltt,2023-08-01,1034266.0
Fire - Boltt,2023-09-01,2200513.0
Fire - Boltt,2023-10-01,1432678.0
Fire - Boltt,2023-11-01,847322.0
Fire - Boltt,2023-12-01,857228.0
Fire - Boltt,2024-01-01,701917.0
Fire - Boltt,2024-02-01,801483.0
Fire - Boltt,2024-03-01,907875.0
Fire - Boltt,2024-04-01,935794.0
Fire - Boltt,2024-05-01,867927.0
Fire - Boltt,2024-06-01,559233.0
Fire - Boltt,2024-07-01,63258.0
Fire - Boltt,2024-08-01,289567.0
Fire - Boltt,2024-09-01,308287.0
Fire - Boltt,2024-10-01,318391.0
Fire - Boltt,2024-11-01,168282.0
Fire - Boltt,2024-12-01,233233.0
Fire - Boltt,2025-01-01,246451.0
Fire - Boltt,2025-02-01,213741.0
Fire - Boltt,2025-03-01,131063.0
Fire - Boltt,2025-04-01,118414.0
Fire - Boltt,2025-05-01,124310.0
Fire - Boltt,2025-06-01,200469.0
Fire - Boltt,2025-07-01,257593.0
Fire - Boltt,2025-08-01,272785.0
Fire - Boltt,2025-09-01,311402.0
Fire - Boltt,2025-10-01,235138.0
Fire - Boltt,2025-11-01,424826.0
Fire - Boltt,2025-12-01,388962.0
Fire - Boltt,2026-01-01,449962.0
Fire - Boltt,2026-02-01,403030.0
Fire - Boltt,2026-03-01,560622.0
Fittr,2024-05-01,570.0
Fittr,2024-09-01,99.0
Fittr,2024-10-01,150.0
Fittr,2024-12-01,800.0
Fittr,2025-01-01,500.0
Fittr,2025-02-01,600.0
Fittr,2025-03-01,1334.0
Fittr,2025-04-01,850.0
Fittr,2025-05-01,850.0
Fittr,2025-06-01,800.0
Fittr,2025-07-01,799.0
Fittr,2025-08-01,900.0
Fittr,2025-09-01,985.0
Fittr,2025-10-01,2250.0
Fittr,2025-11-01,700.0
Fittr,2025-12-01,850.0
Fittr,2026-01-01,850.0
Fittr,2026-02-01,750.0
Fittr,2026-03-01,590.0
Flipkart,2026-01-01,244.0
Flipkart,2026-02-01,100.0
Flipkart,2026-03-01,8689.0
Fossil,2020-01-01,18891.0
Fossil,2020-02-01,13774.0
Fossil,2020-03-01,4874.0
Fossil,2020-05-01,3833.0
Fossil,2020-06-01,3950.0
Fossil,2020-07-01,10379.0
Fossil,2020-08-01,12471.0
Fossil,2020-09-01,18000.0
Fossil,2020-10-01,7098.0
Fossil,2020-11-01,12248.0
Fossil,2020-12-01,3220.0
Fossil,2021-01-01,4523.0
Fossil,2021-02-01,4484.0
Fossil,2021-03-01,2853.0
Fossil,2021-04-01,270.0
Fossil,2021-05-01,1798.0
Fossil,2021-06-01,5972.0
Fossil,2021-07-01,953.0
Fossil,2021-08-01,476.0
Fossil,2021-09-01,38380.0
Fossil,2021-10-01,4424.0
Fossil,2021-11-01,2749.0
Fossil,2021-12-01,3917.0
Fossil,2022-01-01,2324.0
Fossil,2022-02-01,2134.0
Fossil,2022-03-01,2043.0
Fossil,2022-04-01,2341.0
Fossil,2022-05-01,2274.0
Fossil,2022-06-01,6230.0
Fossil,2022-07-01,30343.0
Fossil,2022-08-01,10973.0
Fossil,2022-09-01,10105.0
Fossil,2022-10-01,10433.0
Fossil,2022-11-01,6868.0
Fossil,2022-12-01,2342.0
Fossil,2023-01-01,4009.0
Fossil,2023-02-01,2790.0
Fossil,2023-03-01,2224.0
Fossil,2023-04-01,3766.0
Fossil,2023-05-01,4590.0
Fossil,2023-06-01,6193.0
Fossil,2023-07-01,13797.0
Fossil,2023-08-01,4227.0
Fossil,2023-09-01,2657.0
Fossil,2023-10-01,17.0
Fossil,2023-11-01,71.0
Fossil,2023-12-01,1101.0
GIP Development SARL,2023-09-01,47660.0
GIP Development SARL,2023-10-01,21715.0
GIP Development SARL,2023-11-01,27315.0
GIP Development SARL,2023-12-01,10888.0
GIP Development SARL,2024-01-01,16517.0
GIP Development SARL,2024-02-01,5290.0
GIP Development SARL,2024-03-01,14708.0
GIP Development SARL,2024-04-01,23450.0
GIP Development SARL,2024-05-01,8927.0
GIP Development SARL,2024-06-01,5206.0
GIP Development SARL,2024-08-01,8232.0
GIP Development SARL,2024-09-01,22673.0
GIP Development SARL,2024-10-01,22702.0
GIP Development SARL,2024-11-01,4326.0
GIP Development SARL,2024-12-01,15283.0
GIP Development SARL,2025-01-01,5493.0
GIP Development SARL,2025-02-01,13100.0
GIP Development SARL,2025-03-01,2176.0
GIP Development SARL,2025-04-01,2500.0
GIP Development SARL,2025-05-01,3295.0
GIP Development SARL,2025-06-01,5861.0
GIP Development SARL,2025-07-01,3718.0
GIP Development SARL,2025-08-01,3976.0
GIP Development SARL,2025-09-01,10029.0
GIP Development SARL,2025-10-01,3480.0
GIP Development SARL,2025-11-01,6070.0
GIP Development SARL,2025-12-01,23856.0
GIP Development SARL,2026-01-01,12751.0
GIP Development SARL,2026-02-01,12647.0
GIP Development SARL,2026-03-01,22434.0
GN Group,2020-01-01,2583.0
GN Group,2020-02-01,637.0
GN Group,2020-03-01,3035.0
GN Group,2020-06-01,2870.0
GN Group,2020-07-01,12284.0
GN Group,2020-08-01,12942.0
GN Group,2020-09-01,59165.0
GN Group,2020-10-01,26343.0
GN Group,2020-11-01,7928.0
GN Group,2020-12-01,1058.0
GN Group,2021-01-01,20190.0
GN Group,2021-02-01,12009.0
GN Group,2021-03-01,37279.0
GN Group,2021-04-01,11868.0
GN Group,2021-05-01,14593.0
GN Group,2021-06-01,8689.0
GN Group,2021-07-01,20471.0
GN Group,2021-08-01,16541.0
GN Group,2021-09-01,8373.0
GN Group,2021-10-01,44740.0
GN Group,2021-11-01,1137.0
GN Group,2021-12-01,6117.0
GN Group,2022-01-01,1965.0
GN Group,2022-02-01,4011.0
GN Group,2022-03-01,1524.0
GN Group,2022-04-01,566.0
GN Group,2022-05-01,7255.0
GN Group,2022-06-01,20447.0
GN Group,2022-07-01,18342.0
GN Group,2022-08-01,39764.0
GN Group,2022-09-01,10106.0
GN Group,2022-10-01,3323.0
GN Group,2022-11-01,798.0
GN Group,2022-12-01,4813.0
GN Group,2023-01-01,5882.0
GN Group,2023-02-01,8868.0
GN Group,2023-03-01,2579.0
GN Group,2023-04-01,5652.0
GN Group,2023-05-01,3258.0
GN Group,2023-06-01,10326.0
GN Group,2023-07-01,8563.0
GN Group,2023-08-01,9340.0
GN Group,2023-09-01,28237.0
GN Group,2023-10-01,115.0
GN Group,2023-11-01,412.0
GN Group,2023-12-01,816.0
GN Group,2024-01-01,2973.0
GN Group,2024-02-01,10.0
GN Group,2024-03-01,1738.0
GN Group,2024-04-01,3789.0
GN Group,2024-05-01,150.0
GN Group,2024-06-01,994.0
GN Group,2024-07-01,13.0
GN Group,2024-08-01,250.0
GN Group,2024-09-01,270.0
GN Group,2024-12-01,6411.0
GN Group,2025-02-01,185.0
GN Group,2025-03-01,25.0
GN Group,2025-04-01,16.0
GN Group,2025-05-01,336.0
GN Group,2025-06-01,97.0
GN Group,2025-07-01,244.0
GN Group,2025-08-01,78.0
GN Group,2025-09-01,220.0
GN Group,2025-10-01,315.0
GN Group,2025-11-01,253.0
GN Group,2025-12-01,202.0
GN Group,2026-01-01,124.0
GN Group,2026-02-01,200.0
GN Group,2026-03-01,343.0
GOQii,2020-01-01,59276.0
GOQii,2020-02-01,32505.0
GOQii,2020-03-01,45894.0
GOQii,2020-05-01,49771.0
GOQii,2020-06-01,35750.0
GOQii,2020-07-01,37322.0
GOQii,2020-08-01,34620.0
GOQii,2020-09-01,27060.0
GOQii,2020-10-01,31389.0
GOQii,2020-11-01,21114.0
GOQii,2020-12-01,20008.0
GOQii,2021-01-01,24607.0
GOQii,2021-02-01,11696.0
GOQii,2021-03-01,10556.0
GOQii,2021-04-01,9335.0
GOQii,2021-05-01,13792.0
GOQii,2021-06-01,14166.0
GOQii,2021-07-01,15194.0
GOQii,2021-08-01,15469.0
GOQii,2021-09-01,19415.0
GOQii,2021-10-01,19244.0
GOQii,2021-11-01,13496.0
GOQii,2021-12-01,64826.0
GOQii,2022-01-01,20452.0
GOQii,2022-02-01,29091.0
GOQii,2022-03-01,39565.0
GOQii,2022-04-01,28406.0
GOQii,2022-05-01,18528.0
GOQii,2022-06-01,36333.0
GOQii,2022-07-01,54944.0
GOQii,2022-08-01,31571.0
GOQii,2022-09-01,12067.0
GOQii,2022-10-01,22905.0
GOQii,2022-11-01,857.0
GOQii,2022-12-01,507.0
GOQii,2023-01-01,5524.0
GOQii,2023-02-01,1513.0
GOQii,2023-03-01,12945.0
GOQii,2023-04-01,19877.0
GOQii,2023-05-01,9877.0
GOQii,2023-06-01,4356.0
GOQii,2023-07-01,10160.0
GOQii,2023-08-01,8440.0
GOQii,2023-09-01,6354.0
GOQii,2024-01-01,2500.0
GOQii,2024-03-01,4346.0
GOQii,2024-04-01,1154.0
Gabit,2024-05-01,524.0
Gabit,2024-06-01,1740.0
Gabit,2024-09-01,4933.0
Gabit,2024-10-01,478.0
Gabit,2024-11-01,2293.0
Gabit,2024-12-01,4822.0
Gabit,2025-01-01,2000.0
Gabit,2025-02-01,2654.0
Gabit,2025-03-01,3295.0
Gabit,2025-04-01,5460.0
Gabit,2025-05-01,5473.0
Gabit,2025-06-01,5519.0
Gabit,2025-07-01,900.0
Gabit,2025-08-01,500.0
Gabit,2025-09-01,800.0
Gabit,2025-10-01,3216.0
Gabit,2025-11-01,5000.0
Gabit,2025-12-01,6098.0
Gabit,2026-01-01,4985.0
Gabit,2026-02-01,7362.0
Gabit,2026-03-01,6435.0
Garmin,2020-01-01,4057.0
Garmin,2020-02-01,2991.0
Garmin,2020-03-01,662.0
Garmin,2020-05-01,389.0
Garmin,2020-07-01,2115.0
Garmin,2020-08-01,4592.0
Garmin,2020-09-01,3394.0
Garmin,2020-10-01,6537.0
Garmin,2020-11-01,3462.0
Garmin,2020-12-01,4871.0
Garmin,2021-01-01,3195.0
Garmin,2021-02-01,946.0
Garmin,2021-03-01,2130.0
Garmin,2021-04-01,3731.0
Garmin,2021-05-01,3736.0
Garmin,2021-06-01,2057.0
Garmin,2021-07-01,3783.0
Garmin,2021-08-01,3437.0
Garmin,2021-09-01,4670.0
Garmin,2021-10-01,10471.0
Garmin,2021-11-01,3372.0
Garmin,2021-12-01,7406.0
Garmin,2022-01-01,2811.0
Garmin,2022-02-01,2126.0
Garmin,2022-03-01,689.0
Garmin,2022-04-01,5149.0
Garmin,2022-05-01,518.0
Garmin,2022-06-01,2001.0
Garmin,2022-07-01,1541.0
Garmin,2022-08-01,615.0
Garmin,2022-09-01,5572.0
Garmin,2022-10-01,2696.0
Garmin,2022-11-01,2002.0
Garmin,2022-12-01,754.0
Garmin,2023-01-01,2376.0
Garmin,2023-02-01,541.0
Garmin,2023-03-01,684.0
Garmin,2023-04-01,849.0
Garmin,2023-05-01,1919.0
Garmin,2023-06-01,2518.0
Garmin,2023-07-01,1327.0
Garmin,2023-08-01,1404.0
Garmin,2023-09-01,189.0
Garmin,2023-10-01,536.0
Garmin,2023-11-01,400.0
Garmin,2024-01-01,2187.0
Garmin,2024-02-01,1766.0
Garmin,2024-03-01,2039.0
Garmin,2024-04-01,3828.0
Garmin,2024-05-01,2074.0
Garmin,2024-06-01,3068.0
Garmin,2024-07-01,4061.0
Garmin,2024-08-01,3250.0
Garmin,2024-09-01,2809.0
Garmin,2024-10-01,3358.0
Garmin,2024-11-01,2566.0
Garmin,2024-12-01,1919.0
Garmin,2025-01-01,2576.0
Garmin,2025-02-01,2354.0
Garmin,2025-03-01,5627.0
Garmin,2025-04-01,4207.0
Garmin,2025-05-01,2656.0
Garmin,2025-06-01,3043.0
Garmin,2025-07-01,7175.0
Garmin,2025-08-01,6889.0
Garmin,2025-09-01,7445.0
Garmin,2025-10-01,5167.0
Garmin,2025-11-01,3925.0
Garmin,2025-12-01,3563.0
Garmin,2026-01-01,2790.0
Garmin,2026-02-01,2607.0
Garmin,2026-03-01,2840.0
Gionee (IN),2020-06-01,5861.0
Gionee (IN),2020-08-01,3000.0
Gionee (IN),2020-10-01,45617.0
Gionee (IN),2020-11-01,32822.0
Gionee (IN),2020-12-01,11904.0
Gionee (IN),2021-01-01,22022.0
Gionee (IN),2021-03-01,30545.0
Gionee (IN),2021-04-01,3403.0
Gionee (IN),2021-05-01,19044.0
Gionee (IN),2021-06-01,43376.0
Gionee (IN),2021-07-01,17851.0
Gionee (IN),2021-08-01,7846.0
Gionee (IN),2021-09-01,22231.0
Gionee (IN),2021-10-01,55198.0
Gionee (IN),2021-11-01,49848.0
Gionee (IN),2021-12-01,34838.0
Gionee (IN),2022-01-01,35487.0
Gionee (IN),2022-02-01,34645.0
Gionee (IN),2022-03-01,17689.0
Gionee (IN),2022-04-01,18326.0
Gionee (IN),2022-05-01,28059.0
Gionee (IN),2022-06-01,5112.0
Gionee (IN),2022-07-01,24985.0
Gionee (IN),2022-08-01,47322.0
Gionee (IN),2022-09-01,37750.0
Gionee (IN),2022-10-01,11624.0
Gionee (IN),2022-11-01,12684.0
Gionee (IN),2022-12-01,10350.0
Gionee (IN),2023-01-01,10969.0
Gionee (IN),2023-02-01,3938.0
Gionee (IN),2023-03-01,1019.0
Gionee (IN),2023-04-01,1787.0
Gionee (IN),2023-06-01,12443.0
Gizmore,2023-01-01,44911.0
Gizmore,2023-02-01,92646.0
Gizmore,2023-03-01,55033.0
Gizmore,2023-04-01,61506.0
Gizmore,2023-05-01,62130.0
Gizmore,2023-06-01,62588.0
Gizmore,2023-07-01,72865.0
Gizmore,2023-08-01,62400.0
Gizmore,2023-09-01,64852.0
Gizmore,2023-10-01,64740.0
Gizmore,2023-11-01,9979.0
Gizmore,2023-12-01,16091.0
Gizmore,2024-01-01,47944.0
Gizmore,2024-02-01,49245.0
Gizmore,2024-03-01,41902.0
Gizmore,2024-04-01,53826.0
Gizmore,2024-05-01,38394.0
Gizmore,2024-06-01,19794.0
Gizmore,2024-07-01,14686.0
Gizmore,2024-08-01,20487.0
Gizmore,2024-09-01,145437.0
Gizmore,2024-10-01,51016.0
Gizmore,2024-11-01,24538.0
Gizmore,2024-12-01,7194.0
Gizmore,2025-01-01,1728.0
Gizmore,2025-02-01,1544.0
Gizmore,2025-03-01,3243.0
Gizmore,2025-05-01,19330.0
Gizmore,2025-07-01,96391.0
Gizmore,2025-08-01,72434.0
Gizmore,2025-09-01,66975.0
Gizmore,2025-10-01,89658.0
Gizmore,2025-11-01,43124.0
Gizmore,2025-12-01,45161.0
Gizmore,2026-01-01,38136.0
Gizmore,2026-02-01,39821.0
Gizmore,2026-03-01,39623.0
GoBoult,2020-01-01,11930.0
GoBoult,2020-02-01,22768.0
GoBoult,2020-03-01,34131.0
GoBoult,2020-05-01,9028.0
GoBoult,2020-06-01,47787.0
GoBoult,2020-07-01,46691.0
GoBoult,2020-08-01,104320.0
GoBoult,2020-09-01,143999.0
GoBoult,2020-10-01,301096.0
GoBoult,2020-11-01,126649.0
GoBoult,2020-12-01,101032.0
GoBoult,2021-01-01,117477.0
GoBoult,2021-02-01,94629.0
GoBoult,2021-03-01,113420.0
GoBoult,2021-04-01,35706.0
GoBoult,2021-05-01,69647.0
GoBoult,2021-06-01,211456.0
GoBoult,2021-07-01,142975.0
GoBoult,2021-08-01,190094.0
GoBoult,2021-09-01,209270.0
GoBoult,2021-10-01,382117.0
GoBoult,2021-11-01,116689.0
GoBoult,2021-12-01,126579.0
GoBoult,2022-01-01,240368.0
GoBoult,2022-02-01,196934.0
GoBoult,2022-03-01,61674.0
GoBoult,2022-04-01,284137.0
GoBoult,2022-05-01,123603.0
GoBoult,2022-06-01,376339.0
GoBoult,2022-07-01,323344.0
GoBoult,2022-08-01,202200.0
GoBoult,2022-09-01,233834.0
GoBoult,2022-10-01,759485.0
GoBoult,2022-11-01,565886.0
GoBoult,2022-12-01,661061.0
GoBoult,2023-01-01,781852.0
GoBoult,2023-02-01,701020.0
GoBoult,2023-03-01,844983.0
GoBoult,2023-04-01,610020.0
GoBoult,2023-05-01,760136.0
GoBoult,2023-06-01,801284.0
GoBoult,2023-07-01,881609.0
GoBoult,2023-08-01,893450.0
GoBoult,2023-09-01,1016335.0
GoBoult,2023-10-01,1036636.0
GoBoult,2023-11-01,491953.0
GoBoult,2023-12-01,450540.0
GoBoult,2024-01-01,532882.0
GoBoult,2024-02-01,720702.0
GoBoult,2024-03-01,667844.0
GoBoult,2024-04-01,873819.0
GoBoult,2024-05-01,769160.0
GoBoult,2024-06-01,736731.0
GoBoult,2024-07-01,1026326.0
GoBoult,2024-08-01,1176338.0
GoBoult,2024-09-01,1494899.0
GoBoult,2024-10-01,936645.0
GoBoult,2024-11-01,577702.0
GoBoult,2024-12-01,754252.0
GoBoult,2025-01-01,993950.0
GoBoult,2025-02-01,915317.0
GoBoult,2025-03-01,767541.0
GoBoult,2025-04-01,1016556.0
GoBoult,2025-05-01,929835.0
GoBoult,2025-06-01,952038.0
GoBoult,2025-07-01,1114398.0
GoBoult,2025-08-01,959129.0
GoBoult,2025-09-01,1469505.0
GoBoult,2025-10-01,500198.0
GoBoult,2025-11-01,447836.0
GoBoult,2025-12-01,582635.0
GoBoult,2026-01-01,645622.0
GoBoult,2026-02-01,513711.0
GoBoult,2026-03-01,463693.0
Google,2020-01-01,400.0
Google,2020-02-01,2300.0
Google,2020-03-01,3680.0
Google,2020-05-01,420.0
Google,2020-06-01,1900.0
Google,2020-07-01,9970.0
Google,2020-08-01,2705.0
Google,2020-09-01,4684.0
Google,2020-10-01,16907.0
Google,2020-11-01,10726.0
Google,2020-12-01,5604.0
Google,2021-01-01,2071.0
Google,2021-02-01,10160.0
Google,2021-03-01,8366.0
Google,2021-04-01,2790.0
Google,2021-05-01,4401.0
Google,2021-06-01,6570.000000000001
Google,2021-07-01,10662.0
Google,2021-08-01,26829.0
Google,2021-09-01,37220.0
Google,2021-10-01,18620.0
Google,2021-11-01,8828.0
Google,2021-12-01,14407.0
Google,2022-01-01,6439.0
Google,2022-02-01,4769.0
Google,2022-03-01,4061.0
Google,2022-04-01,9118.0
Google,2022-05-01,1043.0
Google,2022-06-01,5601.0
Google,2022-07-01,18817.0
Google,2022-08-01,1350.0
Google,2022-09-01,13319.0
Google,2022-10-01,14034.0
Google,2022-11-01,47.0
Google,2022-12-01,13370.0
Google,2023-01-01,145.0
Google,2023-02-01,168.0
Google,2023-03-01,32.0
Google,2023-04-01,12.0
Google,2023-05-01,2489.0
Google,2023-06-01,4658.0
Google,2023-07-01,9368.0
Google,2023-08-01,5535.0
Google,2023-09-01,14485.0
Google,2023-10-01,22778.0
Google,2023-11-01,5084.0
Google,2023-12-01,4997.0
Google,2024-01-01,2377.0
Google,2024-02-01,930.0
Google,2024-03-01,2110.0
Google,2024-04-01,3110.0
Google,2024-05-01,1770.0
Google,2024-06-01,2846.0
Google,2024-07-01,10505.0
Google,2024-08-01,6916.0
Google,2024-09-01,5004.0
Google,2024-10-01,9381.0
Google,2024-11-01,225.0
Google,2024-12-01,132.0
Google,2025-01-01,594.0
Google,2025-02-01,1956.0
Google,2025-03-01,2308.0
Google,2025-04-01,2905.0
Google,2025-05-01,2910.0
Google,2025-06-01,3685.0
Google,2025-07-01,2332.0
Google,2025-08-01,1970.0
Google,2025-09-01,4219.0
Google,2025-10-01,3658.0
Google,2025-11-01,1682.0
Google,2025-12-01,3270.0
Google,2026-01-01,2302.0
Google,2026-02-01,2191.0
Google,2026-03-01,3150.0
HP,2024-08-01,44800.0
HP,2024-09-01,119088.0
HP,2024-10-01,121000.0
HP,2024-11-01,40400.0
HP,2024-12-01,31600.0
HP,2025-08-01,12000.0
HP,2025-09-01,7522.0
HP,2025-10-01,2343.0
HP,2026-02-01,10000.0
HP,2026-03-01,9854.0
Honor,2020-01-01,98783.0
Honor,2020-02-01,2045.0
Honor,2020-03-01,7734.0
Honor,2020-05-01,42645.0
Honor,2020-06-01,3700.0
Honor,2020-07-01,5377.0
Honor,2020-08-01,7139.0
Honor,2020-09-01,94723.0
Honor,2020-10-01,31589.0
Honor,2020-11-01,533.0
Honor,2020-12-01,177.0
Honor,2021-01-01,173.0
Honor,2021-02-01,232.0
Honor,2021-03-01,17.0
Honor,2021-06-01,6504.0
Honor,2021-07-01,23351.0
Honor,2021-09-01,33489.0
Honor,2021-10-01,11022.0
Honor,2022-01-01,768.0
Honor,2022-05-01,470.0
Honor,2022-07-01,2495.0
Honor,2022-08-01,2998.0
Honor,2022-09-01,9334.0
Honor,2022-12-01,3100.0
Honor,2023-01-01,1320.0
Honor,2023-02-01,234.0
Honor,2023-08-01,6998.0
Honor,2023-10-01,7989.0
Honor,2023-11-01,6984.0
Honor,2024-02-01,6000.0
Honor,2024-03-01,9890.0
Huawei,2020-01-01,7058.0
Huawei,2020-02-01,3594.0
Huawei,2020-03-01,6314.0
Huawei,2020-05-01,10427.0
Huawei,2020-06-01,8122.0
Huawei,2020-07-01,491.0
Huawei,2020-08-01,2193.0
Huawei,2020-09-01,328.0
Huawei,2020-10-01,3535.0
Huawei,2020-11-01,507.0
Huawei,2020-12-01,536.0
Huawei,2021-01-01,514.0
Huawei,2021-02-01,16.0
Huawei,2021-06-01,475.0
Huawei,2021-07-01,9170.0
Huawei,2021-08-01,502.0
Huawei,2021-09-01,9990.0
Huawei,2021-10-01,2055.0
Huawei,2021-11-01,1345.0
Huawei,2021-12-01,83.0
Huawei,2022-01-01,690.0
Huawei,2022-02-01,100.0
Huawei,2022-04-01,1101.0
Huawei,2022-05-01,296.0
Huawei,2024-07-01,1020.0
Huawei,2024-08-01,1016.0
Huawei,2024-09-01,2793.0
Huawei,2024-10-01,240.0
Huawei,2024-11-01,200.0
Huawei,2024-12-01,390.0
Huawei,2025-01-01,4275.0
Huawei,2025-02-01,3000.0
Huawei,2025-03-01,1519.0
Huawei,2025-04-01,1017.0
Huawei,2025-05-01,1780.0
Huawei,2025-06-01,3300.0
Huawei,2025-07-01,3791.0
Huawei,2025-08-01,2777.0
Huawei,2025-09-01,3254.0
Huawei,2025-10-01,174.0
Huawei,2025-11-01,482.0
Huawei,2025-12-01,619.0
Huawei,2026-01-01,2634.0
Huawei,2026-02-01,110.0
Huawei,2026-03-01,712.0
Imagine Marketing,2020-01-01,434220.0
Imagine Marketing,2020-02-01,235353.0
Imagine Marketing,2020-03-01,37990.0
Imagine Marketing,2020-05-01,79292.0
Imagine Marketing,2020-06-01,722626.0
Imagine Marketing,2020-07-01,456789.0
Imagine Marketing,2020-08-01,1458562.0
Imagine Marketing,2020-09-01,1347166.0
Imagine Marketing,2020-10-01,1551289.0
Imagine Marketing,2020-11-01,1694811.0
Imagine Marketing,2020-12-01,2169115.0
Imagine Marketing,2021-01-01,1571836.0
Imagine Marketing,2021-02-01,504337.0
Imagine Marketing,2021-03-01,943778.0
Imagine Marketing,2021-04-01,739481.0
Imagine Marketing,2021-05-01,1499257.0
Imagine Marketing,2021-06-01,2396008.0
Imagine Marketing,2021-07-01,2743206.0
Imagine Marketing,2021-08-01,3696785.0
Imagine Marketing,2021-09-01,3555448.0
Imagine Marketing,2021-10-01,4439384.0
Imagine Marketing,2021-11-01,3049735.0
Imagine Marketing,2021-12-01,1692382.0
Imagine Marketing,2022-01-01,1023197.0
Imagine Marketing,2022-02-01,1136173.0
Imagine Marketing,2022-03-01,1017985.0
Imagine Marketing,2022-04-01,2051789.0
Imagine Marketing,2022-05-01,2678081.0
Imagine Marketing,2022-06-01,3455702.0
Imagine Marketing,2022-07-01,3147449.0
Imagine Marketing,2022-08-01,3519462.0
Imagine Marketing,2022-09-01,5273186.0
Imagine Marketing,2022-10-01,2784595.0
Imagine Marketing,2022-11-01,1578221.0
Imagine Marketing,2022-12-01,1673415.0
Imagine Marketing,2023-01-01,2179524.0
Imagine Marketing,2023-02-01,2032925.0
Imagine Marketing,2023-03-01,2218724.0
Imagine Marketing,2023-04-01,2955391.0
Imagine Marketing,2023-05-01,2652906.0
Imagine Marketing,2023-06-01,3109029.0
Imagine Marketing,2023-07-01,3511789.0
Imagine Marketing,2023-08-01,3908992.0
Imagine Marketing,2023-09-01,6837397.0
Imagine Marketing,2023-10-01,2420492.0
Imagine Marketing,2023-11-01,1467556.0
Imagine Marketing,2023-12-01,1570600.0
Imagine Marketing,2024-01-01,2299572.0
Imagine Marketing,2024-02-01,2030203.0
Imagine Marketing,2024-03-01,1795401.0
Imagine Marketing,2024-04-01,2424498.0
Imagine Marketing,2024-05-01,2655885.0
Imagine Marketing,2024-06-01,2784392.0
Imagine Marketing,2024-07-01,3001875.0
Imagine Marketing,2024-08-01,3846739.0
Imagine Marketing,2024-09-01,5341729.0
Imagine Marketing,2024-10-01,3011309.0
Imagine Marketing,2024-11-01,1671953.0
Imagine Marketing,2024-12-01,1990603.0
Imagine Marketing,2025-01-01,2313752.0
Imagine Marketing,2025-02-01,2201335.0
Imagine Marketing,2025-03-01,2411445.0
Imagine Marketing,2025-04-01,2191190.0
Imagine Marketing,2025-05-01,2340333.0
Imagine Marketing,2025-06-01,2953589.0
Imagine Marketing,2025-07-01,3376899.0
Imagine Marketing,2025-08-01,4959300.0
Imagine Marketing,2025-09-01,4693864.0
Imagine Marketing,2025-10-01,2204800.0
Imagine Marketing,2025-11-01,1416787.0
Imagine Marketing,2025-12-01,2250193.0
Imagine Marketing,2026-01-01,2522115.0
Imagine Marketing,2026-02-01,2295205.0
Imagine Marketing,2026-03-01,2524375.0
Intex,2021-11-01,2378.0
Intex,2021-12-01,2765.0
Intex,2022-01-01,3121.0
Intex,2022-02-01,24312.0
Intex,2022-03-01,16817.0
Intex,2022-04-01,33685.0
Intex,2022-05-01,19293.0
Intex,2022-06-01,11248.0
Intex,2022-07-01,30364.0
Intex,2022-08-01,13042.0
Intex,2022-09-01,32983.0
Intex,2022-10-01,8244.0
Intex,2022-11-01,25251.0
Intex,2022-12-01,1076.0
Intex,2023-01-01,1250.0
Intex,2023-02-01,3496.0
Intex,2023-04-01,20456.0
JLAB AUDIO,2023-09-01,41976.0
JLAB AUDIO,2023-12-01,6200.0
JLAB AUDIO,2024-08-01,7776.0
JLAB AUDIO,2024-10-01,3216.0
JLAB AUDIO,2024-11-01,1008.0
JLAB AUDIO,2024-12-01,5677.0
JLAB AUDIO,2025-01-01,3120.0
JLAB AUDIO,2025-02-01,216.0
JLAB AUDIO,2025-03-01,1016.0
JLAB AUDIO,2025-04-01,300.0
JLAB AUDIO,2025-05-01,1276.0
JLAB AUDIO,2025-06-01,816.0
JLAB AUDIO,2025-07-01,1896.0
JLAB AUDIO,2025-09-01,12400.0
JLAB AUDIO,2025-10-01,1978.0
JLAB AUDIO,2026-03-01,116.0
LG Electronics,2021-01-01,8532.0
LG Electronics,2021-02-01,3236.0
LG Electronics,2021-03-01,7727.0
LG Electronics,2021-04-01,3258.0
LG Electronics,2021-05-01,2324.0
LG Electronics,2021-06-01,3340.0
LG Electronics,2021-08-01,4314.0
LG Electronics,2021-09-01,7335.0
LG Electronics,2021-10-01,5834.0
LG Electronics,2021-11-01,1060.0
LG Electronics,2021-12-01,580.0
LG Electronics,2022-01-01,4611.0
LG Electronics,2022-02-01,4285.0
LG Electronics,2022-03-01,5268.0
LG Electronics,2022-04-01,6521.0
LG Electronics,2022-05-01,750.0
LG Electronics,2022-08-01,1987.0
LG Electronics,2022-09-01,9284.0
LG Electronics,2022-10-01,5786.0
LG Electronics,2022-11-01,134.0
LG Electronics,2022-12-01,141.0
LG Electronics,2023-01-01,1989.0
LG Electronics,2023-02-01,4608.0
LG Electronics,2023-03-01,2304.0
LG Electronics,2023-05-01,491.0
LG Electronics,2023-06-01,1376.0
LG Electronics,2023-07-01,6300.0
LG Electronics,2023-08-01,3840.0
LG Electronics,2023-09-01,3364.0
LG Electronics,2023-10-01,3504.0
LG Electronics,2023-11-01,120.0
LG Electronics,2023-12-01,2676.0
LG Electronics,2024-01-01,1008.0
LG Electronics,2024-02-01,2388.0
LG Electronics,2024-03-01,672.0
LG Electronics,2024-05-01,1256.0
LG Electronics,2024-06-01,350.0
LG Electronics,2024-08-01,3278.0
LG Electronics,2024-09-01,2652.0
LG Electronics,2024-11-01,234.0
LG Electronics,2025-02-01,26.0
LG Electronics,2025-03-01,81.0
LG Electronics,2025-04-01,34.0
LG Electronics,2025-05-01,37.0
LG Electronics,2025-07-01,15.0
LG Electronics,2025-08-01,3.0
LG Electronics,2025-09-01,14.0
LVMH,2022-12-01,163.0
LVMH,2023-06-01,13.0
LVMH,2024-07-01,11.0
LVMH,2024-10-01,6.0
LVMH,2025-12-01,50.0
Lenovo,2020-01-01,14246.0
Lenovo,2020-02-01,3392.0
Lenovo,2020-07-01,2206.0
Lenovo,2020-08-01,12999.0
Lenovo,2020-09-01,12555.0
Lenovo,2020-10-01,15342.0
Lenovo,2020-11-01,16754.0
Lenovo,2020-12-01,2984.0
Lenovo,2021-02-01,8473.0
Lenovo,2021-03-01,30398.0
Lenovo,2021-05-01,6267.0
Lenovo,2021-06-01,6001.0
Lenovo,2021-09-01,8869.0
Lenovo,2022-05-01,4040.0
Lenovo,2022-07-01,5724.0
Lenovo,2022-09-01,5976.0
Lenovo,2022-10-01,5940.0
Lenovo,2022-11-01,2422.0
Lenovo,2022-12-01,2160.0
Lenovo,2023-01-01,173.0
Lenovo,2023-02-01,135.0
Lenovo,2023-03-01,2138.0
Lenovo,2023-04-01,1423.0
Lenovo,2023-05-01,11.0
Lenovo,2023-06-01,22.0
Lenovo,2023-07-01,2140.0
Lenovo,2023-08-01,4580.0
Lenovo,2023-09-01,7318.0
Lenovo,2023-10-01,11200.0
Lenovo,2023-11-01,4120.0
Lenovo,2024-05-01,48890.0
Lenovo,2024-06-01,23201.0
Lenovo,2024-07-01,11.0
Lenovo,2024-08-01,14800.0
Lenovo,2024-09-01,5089.0
Lenovo,2024-10-01,600.0
Lenovo,2024-11-01,800.0
Lenovo,2024-12-01,1500.0
Lenovo,2025-01-01,2150.0
Lenovo,2025-03-01,9580.0
Lenovo,2025-04-01,1730.0
Lenovo,2025-05-01,1030.0
Lenovo,2025-06-01,14000.0
Lenovo,2025-07-01,850.0
Lenovo,2025-08-01,7529.0
Lenovo,2025-09-01,13783.0
Lenovo,2025-10-01,3300.0
Lenovo,2025-11-01,2050.0
Lenovo,2025-12-01,15028.0
Lenovo,2026-01-01,18595.0
Lenovo,2026-02-01,10659.0
Lenovo,2026-03-01,10009.0
Lenskart,2025-01-01,9997.0
Lenskart,2025-02-01,3.0
Lenskart,2025-06-01,23543.0
Lenskart,2025-07-01,15625.0
Lenskart,2025-08-01,9999.0
Lenskart,2025-09-01,5434.0
Lenskart,2025-10-01,1752.0
Lenskart,2025-11-01,5183.0
Lenskart,2025-12-01,9007.0
Lenskart,2026-01-01,2323.0
Lenskart,2026-02-01,1022.0
Lenskart,2026-03-01,100.0
Marshall,2024-06-01,7692.0
Marshall,2024-07-01,12001.0
Marshall,2024-08-01,5148.0
Marshall,2024-09-01,1170.0
Marshall,2024-10-01,1000.0
Marshall,2024-11-01,13750.0
Marshall,2024-12-01,2850.0
Marshall,2025-01-01,3850.0
Marshall,2025-02-01,500.0
Marshall,2025-03-01,3800.0
Marshall,2025-04-01,9184.0
Marshall,2025-05-01,11200.0
Marshall,2025-06-01,6000.0
Marshall,2025-07-01,6026.0
Marshall,2025-08-01,14700.0
Marshall,2025-09-01,13944.0
Marshall,2025-10-01,12633.0
Marshall,2025-11-01,1653.0
Marshall,2025-12-01,7203.0
Marshall,2026-01-01,7133.0
Marshall,2026-02-01,5750.0
Marshall,2026-03-01,6100.0
Meta,2025-05-01,10415.0
Meta,2025-06-01,7677.0
Meta,2025-07-01,7076.0
Meta,2025-08-01,515.0
Meta,2025-09-01,744.0
Meta,2025-10-01,5972.0
Meta,2025-11-01,14259.0
Meta,2025-12-01,16489.0
Meta,2026-01-01,8776.0
Meta,2026-02-01,9023.0
Meta,2026-03-01,11504.0
Mill Road Capital,2020-01-01,61696.0
Mill Road Capital,2020-02-01,600.0
Mill Road Capital,2020-06-01,2080.0
Mill Road Capital,2020-07-01,4446.0
Mill Road Capital,2020-08-01,8628.0
Mill Road Capital,2020-09-01,13656.0
Mill Road Capital,2020-10-01,12300.0
Mill Road Capital,2020-11-01,6400.0
Mill Road Capital,2020-12-01,14992.0
Mill Road Capital,2021-01-01,8331.0
Mill Road Capital,2021-02-01,8024.0
Mill Road Capital,2021-03-01,20313.0
Mill Road Capital,2021-04-01,2630.0
Mill Road Capital,2021-05-01,1312.0
Mill Road Capital,2021-06-01,12741.0
Mill Road Capital,2021-07-01,10397.0
Mill Road Capital,2021-08-01,9800.0
Mill Road Capital,2021-09-01,39656.0
Mill Road Capital,2021-10-01,10442.0
Mill Road Capital,2021-11-01,4680.0
Mill Road Capital,2021-12-01,7624.0
Mill Road Capital,2022-01-01,11080.0
Mill Road Capital,2022-02-01,4672.0
Mill Road Capital,2022-03-01,16108.0
Mill Road Capital,2022-04-01,9138.0
Mill Road Capital,2022-05-01,14446.0
Mill Road Capital,2022-06-01,10245.0
Mill Road Capital,2022-07-01,33541.0
Mill Road Capital,2022-08-01,34880.0
Mill Road Capital,2022-09-01,45884.0
Mill Road Capital,2022-10-01,38922.0
Mill Road Capital,2022-11-01,49608.0
Mill Road Capital,2022-12-01,49681.0
Mill Road Capital,2023-01-01,3133.0
Mill Road Capital,2023-02-01,22571.0
Mill Road Capital,2023-03-01,40983.0
Mill Road Capital,2023-04-01,30239.0
Mill Road Capital,2023-05-01,56440.0
Mill Road Capital,2023-06-01,41908.0
Mill Road Capital,2023-07-01,40256.0
Mill Road Capital,2023-08-01,28602.0
Mill Road Capital,2023-09-01,105064.0
Mill Road Capital,2023-10-01,43814.0
Mill Road Capital,2023-11-01,18616.0
Mill Road Capital,2023-12-01,67060.0
Mill Road Capital,2024-01-01,1680.0
Mill Road Capital,2024-02-01,32587.0
Mill Road Capital,2024-03-01,4168.0
Mill Road Capital,2024-04-01,31616.0
Mill Road Capital,2024-05-01,29239.0
Mill Road Capital,2024-06-01,23161.0
Mill Road Capital,2024-07-01,36248.0
Mill Road Capital,2024-08-01,45862.0
Mill Road Capital,2024-09-01,60984.0
Mill Road Capital,2024-10-01,38532.0
Mill Road Capital,2024-11-01,18036.0
Mill Road Capital,2024-12-01,7608.0
Mill Road Capital,2025-01-01,15099.0
Mill Road Capital,2025-02-01,11104.0
Mill Road Capital,2025-03-01,12052.0
Mill Road Capital,2025-04-01,20200.0
Mill Road Capital,2025-05-01,22258.0
Mill Road Capital,2025-06-01,13904.0
Mill Road Capital,2025-07-01,13350.0
Mill Road Capital,2025-08-01,7156.0
Mill Road Capital,2025-09-01,21385.0
Mill Road Capital,2025-10-01,4000.0
Mill Road Capital,2025-11-01,12269.0
Mill Road Capital,2025-12-01,24746.0
Mill Road Capital,2026-01-01,38050.0
Mill Road Capital,2026-02-01,20000.0
Mill Road Capital,2026-03-01,15433.0
Mivi,2020-07-01,1250.0
Mivi,2020-08-01,10043.0
Mivi,2020-09-01,7112.0
Mivi,2020-10-01,19321.0
Mivi,2020-11-01,3003.0
Mivi,2020-12-01,18429.0
Mivi,2021-01-01,45502.0
Mivi,2021-02-01,15043.0
Mivi,2021-03-01,33503.0
Mivi,2021-04-01,16934.0
Mivi,2021-05-01,25926.0
Mivi,2021-06-01,31568.0
Mivi,2021-07-01,22166.0
Mivi,2021-08-01,20730.0
Mivi,2021-09-01,17036.0
Mivi,2021-10-01,25721.0
Mivi,2021-11-01,13021.0
Mivi,2022-01-01,89828.0
Mivi,2022-02-01,111854.0
Mivi,2022-03-01,167397.0
Mivi,2022-04-01,186565.0
Mivi,2022-05-01,176466.0
Mivi,2022-06-01,248638.0
Mivi,2022-07-01,255550.0
Mivi,2022-08-01,271746.0
Mivi,2022-09-01,683996.0
Mivi,2022-10-01,518602.0
Mivi,2022-11-01,233777.0
Mivi,2022-12-01,262218.0
Mivi,2023-01-01,215445.0
Mivi,2023-02-01,205584.0
Mivi,2023-03-01,186372.0
Mivi,2023-04-01,209295.0
Mivi,2023-05-01,318620.0
Mivi,2023-06-01,263515.0
Mivi,2023-07-01,296635.0
Mivi,2023-08-01,326337.0
Mivi,2023-09-01,307381.0
Mivi,2023-10-01,437554.0
Mivi,2023-11-01,291632.0
Mivi,2023-12-01,250769.0
Mivi,2024-01-01,127847.0
Mivi,2024-02-01,69910.0
Mivi,2024-03-01,286943.0
Mivi,2024-04-01,191904.0
Mivi,2024-05-01,164360.0
Mivi,2024-06-01,239092.0
Mivi,2024-07-01,258130.0
Mivi,2024-08-01,354850.0
Mivi,2024-09-01,316517.0
Mivi,2024-10-01,174837.0
Mivi,2024-11-01,155260.0
Mivi,2024-12-01,112805.0
Mivi,2025-01-01,177724.0
Mivi,2025-02-01,253096.0
Mivi,2025-03-01,44870.0
Mivi,2025-04-01,103282.0
Mivi,2025-05-01,62601.0
Mivi,2025-06-01,101572.0
Mivi,2025-07-01,90957.0
Mivi,2025-08-01,131998.0
Mivi,2025-09-01,188773.0
Mivi,2025-10-01,55052.0
Mivi,2025-11-01,55054.0
Mivi,2025-12-01,65525.0
Mivi,2026-01-01,141287.0
Mivi,2026-02-01,72696.0
Mivi,2026-03-01,84881.0
Mobvoi,2023-05-01,80.0
Mobvoi,2023-06-01,11.0
Mobvoi,2023-08-01,25.0
Mobvoi,2023-09-01,14.0
Mobvoi,2023-10-01,422.0
Mobvoi,2023-11-01,145.0
Mobvoi,2023-12-01,51.0
Mobvoi,2024-01-01,23.0
Mobvoi,2024-02-01,43.0
Mobvoi,2024-03-01,33.0
Mobvoi,2024-04-01,77.0
Mobvoi,2024-05-01,30.0
Mobvoi,2024-06-01,73.0
Mobvoi,2024-07-01,27.0
Mobvoi,2024-08-01,28.0
Mobvoi,2024-09-01,95.0
Mobvoi,2024-10-01,98.0
Mobvoi,2024-11-01,18.0
Mobvoi,2024-12-01,33.0
Mobvoi,2025-01-01,27.0
Mobvoi,2025-02-01,8.0
Mobvoi,2025-03-01,5.0
Mobvoi,2025-04-01,11.0
Mobvoi,2025-05-01,8.0
Mobvoi,2025-06-01,10.0
Mobvoi,2025-07-01,13.0
Mobvoi,2025-08-01,14.0
Mobvoi,2025-09-01,15.0
Montblanc,2023-06-01,2.0
Montblanc,2023-07-01,8.0
Montblanc,2023-09-01,11.0
Montblanc,2023-10-01,6.0
Montblanc,2023-11-01,3.0
Montblanc,2024-03-01,2.0
Montblanc,2024-06-01,4.0
Montblanc,2024-07-01,15.0
Montblanc,2024-08-01,32.0
Montblanc,2024-09-01,19.0
Montblanc,2024-10-01,35.0
Montblanc,2024-11-01,17.0
Montblanc,2024-12-01,7.0
Montblanc,2025-01-01,8.0
Montblanc,2025-02-01,1.0
Montblanc,2025-03-01,18.0
Montblanc,2025-04-01,2.0
Montblanc,2025-05-01,19.0
Montblanc,2025-06-01,31.0
Montblanc,2025-08-01,3.0
Montblanc,2025-10-01,2.0
Montblanc,2026-01-01,3.0
Montblanc,2026-03-01,1.0
Muse,2024-04-01,695.0
Muse,2024-05-01,59.0
Muse,2024-06-01,275.0
Muse,2024-09-01,228.0
Muse,2024-10-01,227.0
Muse,2024-11-01,454.0
Muse,2024-12-01,3754.0
Muse,2025-01-01,170.0
Muse,2025-02-01,200.0
Muse,2025-06-01,70.0
Muse,2025-07-01,50.0
Muse,2025-08-01,30.0
Muse,2025-09-01,51.0
Muse,2025-10-01,22.0
Muse,2025-11-01,18.0
Muse,2025-12-01,22.0
Muse,2026-01-01,10.0
Muse,2026-02-01,20.0
Muse,2026-03-01,422.0
Nexxbase,2020-01-01,91073.0
Nexxbase,2020-02-01,32181.0
Nexxbase,2020-03-01,63519.0
Nexxbase,2020-05-01,125945.0
Nexxbase,2020-06-01,79836.0
Nexxbase,2020-07-01,123973.0
Nexxbase,2020-08-01,262408.0
Nexxbase,2020-09-01,204586.0
Nexxbase,2020-10-01,253720.0
Nexxbase,2020-11-01,170689.0
Nexxbase,2020-12-01,158929.0
Nexxbase,2021-01-01,166824.0
Nexxbase,2021-02-01,229887.0
Nexxbase,2021-03-01,208648.0
Nexxbase,2021-04-01,219597.0
Nexxbase,2021-05-01,213361.0
Nexxbase,2021-06-01,336940.0
Nexxbase,2021-07-01,440826.0
Nexxbase,2021-08-01,349290.0
Nexxbase,2021-09-01,1010340.0
Nexxbase,2021-10-01,753219.0
Nexxbase,2021-11-01,465271.0
Nexxbase,2021-12-01,796199.0
Nexxbase,2022-01-01,516151.0
Nexxbase,2022-02-01,453716.0
Nexxbase,2022-03-01,544120.0
Nexxbase,2022-04-01,745162.0
Nexxbase,2022-05-01,765708.0
Nexxbase,2022-06-01,1234149.0
Nexxbase,2022-07-01,1116323.0
Nexxbase,2022-08-01,1629375.0
Nexxbase,2022-09-01,2397969.0
Nexxbase,2022-10-01,954618.0
Nexxbase,2022-11-01,881231.0
Nexxbase,2022-12-01,977405.0
Nexxbase,2023-01-01,1120837.0
Nexxbase,2023-02-01,1041630.0
Nexxbase,2023-03-01,824917.0
Nexxbase,2023-04-01,1335486.0
Nexxbase,2023-05-01,1513925.0
Nexxbase,2023-06-01,1585983.0
Nexxbase,2023-07-01,1505268.0
Nexxbase,2023-08-01,1404956.0
Nexxbase,2023-09-01,2265552.0
Nexxbase,2023-10-01,1380051.0
Nexxbase,2023-11-01,886412.0
Nexxbase,2023-12-01,1414067.0
Nexxbase,2024-01-01,1195761.0
Nexxbase,2024-02-01,1148320.0
Nexxbase,2024-03-01,1197157.0
Nexxbase,2024-04-01,1361071.0
Nexxbase,2024-05-01,1225777.0
Nexxbase,2024-06-01,1233485.0
Nexxbase,2024-07-01,1155647.0
Nexxbase,2024-08-01,1219099.0
Nexxbase,2024-09-01,1809147.0
Nexxbase,2024-10-01,1148368.0
Nexxbase,2024-11-01,846685.0
Nexxbase,2024-12-01,989125.0
Nexxbase,2025-01-01,1148199.0
Nexxbase,2025-02-01,1140700.0
Nexxbase,2025-03-01,1040966.0
Nexxbase,2025-04-01,1180691.0
Nexxbase,2025-05-01,1167012.0
Nexxbase,2025-06-01,1145539.0
Nexxbase,2025-07-01,1103349.0
Nexxbase,2025-08-01,1708549.0
Nexxbase,2025-09-01,1152211.0
Nexxbase,2025-10-01,1240936.0
Nexxbase,2025-11-01,813586.0
Nexxbase,2025-12-01,876321.0
Nexxbase,2026-01-01,990737.0
Nexxbase,2026-02-01,772527.0
Nexxbase,2026-03-01,768906.0
Nothing,2021-08-01,11045.0
Nothing,2021-09-01,44032.0
Nothing,2021-10-01,7990.0
Nothing,2021-11-01,14990.0
Nothing,2021-12-01,12398.0
Nothing,2022-01-01,7898.0
Nothing,2022-02-01,5021.0
Nothing,2022-03-01,1578.0
Nothing,2022-06-01,2507.0
Nothing,2022-10-01,8987.0
Nothing,2022-11-01,7461.0
Nothing,2022-12-01,7549.0
Nothing,2023-01-01,3214.0
Nothing,2023-02-01,32.0
Nothing,2023-03-01,15200.0
Nothing,2023-04-01,6100.0
Nothing,2023-05-01,5833.0
Nothing,2023-06-01,5245.0
Nothing,2023-07-01,13820.0
Nothing,2023-08-01,1060.0
Nothing,2023-09-01,79899.0
Nothing,2023-10-01,42790.0
Nothing,2023-11-01,7748.0
Nothing,2024-01-01,16120.0
Nothing,2024-02-01,16400.0
Nothing,2024-03-01,85060.0
Nothing,2024-04-01,65367.0
Nothing,2024-05-01,66527.0
Nothing,2024-06-01,91234.0
Nothing,2024-07-01,44968.0
Nothing,2024-08-01,140342.0
Nothing,2024-09-01,201600.0
Nothing,2024-10-01,61942.0
Nothing,2024-11-01,83206.0
Nothing,2024-12-01,35663.0
Nothing,2025-01-01,58480.0
Nothing,2025-02-01,42500.0
Nothing,2025-03-01,38600.0
Nothing,2025-04-01,57240.0
Nothing,2025-05-01,86382.0
Nothing,2025-06-01,88154.0
Nothing,2025-07-01,154054.0
Nothing,2025-08-01,298286.0
Nothing,2025-09-01,102386.0
Nothing,2025-10-01,135198.0
Nothing,2025-11-01,92375.0
Nothing,2025-12-01,71500.0
Nothing,2026-01-01,123015.0
Nothing,2026-02-01,102893.0
Nothing,2026-03-01,98758.0
Number Fone Company,2025-03-01,120633.0
Number Fone Company,2025-04-01,11162.0
Number Fone Company,2025-05-01,39543.0
Number Fone Company,2025-06-01,26557.0
Number Fone Company,2025-07-01,24829.0
Number Fone Company,2025-08-01,48583.0
Number Fone Company,2025-09-01,34069.0
Number Fone Company,2025-10-01,24244.0
Number Fone Company,2025-11-01,726.0
Number Fone Company,2025-12-01,22878.0
Number Fone Company,2026-01-01,33173.0
Number Fone Company,2026-02-01,1415.0
Number Fone Company,2026-03-01,34540.0
OPPO,2020-01-01,184602.0
OPPO,2020-02-01,80620.0
OPPO,2020-03-01,127126.0
OPPO,2020-05-01,321328.0
OPPO,2020-06-01,832432.0
OPPO,2020-07-01,761028.0
OPPO,2020-08-01,920400.0
OPPO,2020-09-01,1258627.0
OPPO,2020-10-01,1182293.0
OPPO,2020-11-01,858827.0000000001
OPPO,2020-12-01,1149044.0
OPPO,2021-01-01,789446.0
OPPO,2021-02-01,890918.0
OPPO,2021-03-01,810286.0
OPPO,2021-04-01,563298.0
OPPO,2021-05-01,295828.0
OPPO,2021-06-01,733552.0
OPPO,2021-07-01,997277.0
OPPO,2021-08-01,1013127.0
OPPO,2021-09-01,1652981.0
OPPO,2021-10-01,1329833.0
OPPO,2021-11-01,696847.0
OPPO,2021-12-01,654355.0
OPPO,2022-01-01,795787.0
OPPO,2022-02-01,627653.0
OPPO,2022-03-01,745173.0
OPPO,2022-04-01,1193587.0
OPPO,2022-05-01,1268546.0
OPPO,2022-06-01,1092228.0
OPPO,2022-07-01,1367251.0
OPPO,2022-08-01,1708369.0
OPPO,2022-09-01,2133408.0
OPPO,2022-10-01,1424242.0
OPPO,2022-11-01,954320.0
OPPO,2022-12-01,1188660.0
OPPO,2023-01-01,757758.0
OPPO,2023-02-01,563067.0
OPPO,2023-03-01,582160.0
OPPO,2023-04-01,1668736.0
OPPO,2023-05-01,1505169.0
OPPO,2023-06-01,1279677.0
OPPO,2023-07-01,1773155.0
OPPO,2023-08-01,1557780.0
OPPO,2023-09-01,2159818.0
OPPO,2023-10-01,1176181.0
OPPO,2023-11-01,533700.0
OPPO,2023-12-01,766488.0
OPPO,2024-01-01,722003.0
OPPO,2024-02-01,937618.0
OPPO,2024-03-01,767253.0
OPPO,2024-04-01,1150188.0
OPPO,2024-05-01,1317630.0
OPPO,2024-06-01,1332355.0
OPPO,2024-07-01,1292580.0
OPPO,2024-08-01,1687713.0
OPPO,2024-09-01,1404042.0
OPPO,2024-10-01,1251113.0
OPPO,2024-11-01,579812.0
OPPO,2024-12-01,1142014.0
OPPO,2025-01-01,826986.0
OPPO,2025-02-01,654933.0
OPPO,2025-03-01,1076130.0
OPPO,2025-04-01,1126700.0
OPPO,2025-05-01,1056225.0
OPPO,2025-06-01,1696672.0
OPPO,2025-07-01,1749398.0
OPPO,2025-08-01,2401031.0
OPPO,2025-09-01,2456237.0
OPPO,2025-10-01,1453303.0
OPPO,2025-11-01,650549.0
OPPO,2025-12-01,1181111.0
OPPO,2026-01-01,905843.0
OPPO,2026-02-01,947425.0
OPPO,2026-03-01,947252.0
Others,2020-01-01,90951.0
Others,2020-02-01,79952.0
Others,2020-03-01,63323.0
Others,2020-05-01,95323.0
Others,2020-06-01,147859.0
Others,2020-07-01,94142.0
Others,2020-08-01,155369.0
Others,2020-09-01,125812.0
Others,2020-10-01,108801.0
Others,2020-11-01,130839.0
Others,2020-12-01,177485.0
Others,2021-01-01,152164.0
Others,2021-02-01,124503.0
Others,2021-03-01,106786.0
Others,2021-04-01,112546.0
Others,2021-05-01,130430.0
Others,2021-06-01,180985.0
Others,2021-07-01,278155.0
Others,2021-08-01,189032.0
Others,2021-09-01,415795.0
Others,2021-10-01,571889.0
Others,2021-11-01,338601.0
Others,2021-12-01,314663.0
Others,2022-01-01,365451.0
Others,2022-02-01,348301.0
Others,2022-03-01,394824.0
Others,2022-04-01,687003.0
Others,2022-05-01,746448.0
Others,2022-06-01,788141.0
Others,2022-07-01,850466.0
Others,2022-08-01,891783.0
Others,2022-09-01,1328066.0
Others,2022-10-01,974379.0
Others,2022-11-01,527143.0
Others,2022-12-01,1239026.0
Others,2023-01-01,803350.0
Others,2023-02-01,870255.0
Others,2023-03-01,819465.0
Others,2023-04-01,945903.0
Others,2023-05-01,1195693.0
Others,2023-06-01,1445721.0
Others,2023-07-01,2298857.0
Others,2023-08-01,1957841.0
Others,2023-09-01,2339563.0
Others,2023-10-01,1232787.0
Others,2023-11-01,1422446.0
Others,2023-12-01,1763564.0
Others,2024-01-01,1682986.0
Others,2024-02-01,1258002.0
Others,2024-03-01,768970.0
Others,2024-04-01,785268.0
Others,2024-05-01,1064961.0
Others,2024-06-01,1113040.0
Others,2024-07-01,1051828.0
Others,2024-08-01,1322826.0
Others,2024-09-01,1189559.0
Others,2024-10-01,2141487.0
Others,2024-11-01,1220232.0
Others,2024-12-01,1406685.0
Others,2025-01-01,1751088.0
Others,2025-02-01,1542802.0
Others,2025-03-01,626422.0
Others,2025-04-01,1141622.0
Others,2025-05-01,1391048.0
Others,2025-06-01,897127.0
Others,2025-07-01,1282499.0
Others,2025-08-01,1689058.0
Others,2025-09-01,1600136.0
Others,2025-10-01,1254373.0
Others,2025-11-01,799415.0
Others,2025-12-01,1292725.0
Others,2026-01-01,1624322.0
Others,2026-02-01,925586.0
Others,2026-03-01,1516513.0
Palred,2020-01-01,109102.0
Palred,2020-02-01,12000.0
Palred,2020-03-01,10750.0
Palred,2020-05-01,23408.0
Palred,2020-06-01,123752.0
Palred,2020-07-01,90900.0
Palred,2020-08-01,137755.0
Palred,2020-09-01,154000.0
Palred,2020-10-01,310563.0
Palred,2020-11-01,111410.0
Palred,2020-12-01,157621.0
Palred,2021-01-01,167896.0
Palred,2021-02-01,249875.0
Palred,2021-03-01,45049.0
Palred,2021-04-01,126244.0
Palred,2021-05-01,174945.0
Palred,2021-06-01,178763.0
Palred,2021-07-01,225350.0
Palred,2021-08-01,111598.0
Palred,2021-09-01,362698.0
Palred,2021-10-01,264289.0
Palred,2021-11-01,125416.0
Palred,2021-12-01,129569.0
Palred,2022-01-01,168030.0
Palred,2022-02-01,73415.0
Palred,2022-03-01,83365.0
Palred,2022-04-01,179877.0
Palred,2022-05-01,139990.0
Palred,2022-06-01,164443.0
Palred,2022-07-01,175584.0
Palred,2022-08-01,198622.0
Palred,2022-09-01,318537.0
Palred,2022-10-01,186190.0
Palred,2022-11-01,242228.0
Palred,2022-12-01,275205.0
Palred,2023-01-01,270544.0
Palred,2023-02-01,455255.0
Palred,2023-03-01,258574.0
Palred,2023-04-01,498975.0
Palred,2023-05-01,301301.0
Palred,2023-06-01,178612.0
Palred,2023-07-01,223855.0
Palred,2023-08-01,206657.0
Palred,2023-09-01,229153.0
Palred,2023-10-01,188856.0
Palred,2023-11-01,162891.0
Palred,2023-12-01,82729.0
Palred,2024-01-01,92805.0
Palred,2024-02-01,180239.0
Palred,2024-03-01,7000.0
Palred,2024-04-01,62932.0
Palred,2024-05-01,72682.0
Palred,2024-06-01,51922.0
Palred,2024-07-01,64587.0
Palred,2024-08-01,62821.0
Palred,2024-09-01,156510.0
Palred,2024-10-01,29268.0
Palred,2024-11-01,19470.0
Palred,2024-12-01,75641.0
Palred,2025-01-01,77043.0
Palred,2025-02-01,63239.0
Palred,2025-03-01,28162.0
Palred,2025-04-01,57787.0
Palred,2025-05-01,21208.0
Palred,2025-06-01,45183.0
Palred,2025-07-01,71644.0
Palred,2025-08-01,127833.0
Palred,2025-09-01,135571.0
Palred,2025-10-01,104650.0
Palred,2025-11-01,65457.0
Palred,2025-12-01,93063.0
Palred,2026-01-01,79349.0
Palred,2026-02-01,109006.0
Palred,2026-03-01,116751.0
Philips,2024-03-01,16511.0
Philips,2024-08-01,10119.0
Philips,2024-09-01,2805.0
Philips,2024-10-01,8427.0
Philips,2024-11-01,2112.0
Philips,2025-01-01,2505.0
Philips,2025-04-01,7400.0
Philips,2025-11-01,1002.0
Philips,2025-12-01,21592.0
Philips,2026-01-01,3920.0
Philips,2026-03-01,53184.0
Pi Ring,2023-09-01,6000.0
Pi Ring,2023-10-01,6987.0
Pi Ring,2023-11-01,8479.0
Pi Ring,2023-12-01,8900.0
Pi Ring,2024-01-01,7830.0
Pi Ring,2024-02-01,7954.0
Pi Ring,2024-03-01,10007.0
Pi Ring,2024-04-01,7352.0
Pi Ring,2024-05-01,9500.0
Pi Ring,2024-06-01,3153.0
Pi Ring,2024-07-01,6500.0
Pi Ring,2024-08-01,7533.0
Pi Ring,2024-09-01,1000.0
Pi Ring,2024-10-01,3000.0
Pi Ring,2024-11-01,1245.0
Pi Ring,2024-12-01,752.0
Pi Ring,2025-01-01,800.0
Pi Ring,2025-02-01,500.0
Pi Ring,2025-03-01,200.0
Pi Ring,2025-04-01,140.0
Pi Ring,2025-05-01,100.0
Plantronics,2024-11-01,1988.0
Plantronics,2024-12-01,56.0
Plantronics,2025-01-01,1227.0
Plantronics,2025-03-01,26.0
Plantronics,2025-08-01,79.0
Plantronics,2025-09-01,87.0
Plantronics,2025-12-01,416.0
Plantronics,2026-01-01,265.0
Plantronics,2026-03-01,100.0
Play,2023-01-01,40370.0
Play,2023-02-01,39639.0
Play,2023-03-01,3379.0
Play,2023-05-01,12278.0
Play,2023-06-01,38655.0
Play,2023-08-01,46281.0
Play,2023-09-01,37771.0
Play,2023-10-01,47453.0
Play,2023-12-01,9220.0
Polar,2025-01-01,645.0
Polar,2025-02-01,30.0
Polar,2025-03-01,620.0
Polar,2025-04-01,185.0
Polar,2025-05-01,99.0
Polar,2025-06-01,35.0
Polar,2025-07-01,234.0
Polar,2025-08-01,199.0
Polar,2025-09-01,197.0
Polar,2025-12-01,152.0
Polar,2026-01-01,353.0
Polar,2026-02-01,62.0
Polar,2026-03-01,224.0
Portronics,2020-01-01,12821.0
Portronics,2020-02-01,10600.0
Portronics,2020-03-01,4210.0
Portronics,2020-05-01,18374.0
Portronics,2020-06-01,18487.0
Portronics,2020-07-01,20838.0
Portronics,2020-08-01,24500.0
Portronics,2020-09-01,5512.0
Portronics,2020-10-01,79361.0
Portronics,2020-11-01,54446.0
Portronics,2020-12-01,27070.0
Portronics,2021-01-01,48194.0
Portronics,2021-02-01,9023.0
Portronics,2021-03-01,22477.0
Portronics,2021-04-01,30876.0
Portronics,2021-05-01,18019.0
Portronics,2021-06-01,134959.0
Portronics,2021-07-01,54866.0
Portronics,2021-08-01,27000.0
Portronics,2021-09-01,30997.0
Portronics,2021-10-01,66995.0
Portronics,2021-11-01,22222.0
Portronics,2021-12-01,91491.0
Portronics,2022-01-01,58604.0
Portronics,2022-02-01,58519.0
Portronics,2022-03-01,45982.0
Portronics,2022-04-01,19739.0
Portronics,2022-05-01,12445.0
Portronics,2022-07-01,23074.0
Portronics,2022-08-01,110034.0
Portronics,2022-09-01,39274.0
Portronics,2022-10-01,70268.0
Portronics,2022-11-01,90286.0
Portronics,2022-12-01,110838.0
Portronics,2023-01-01,159231.0
Portronics,2023-02-01,97556.0
Portronics,2023-03-01,111776.0
Portronics,2023-04-01,58268.0
Portronics,2023-05-01,123410.0
Portronics,2023-06-01,118993.0
Portronics,2023-07-01,148985.0
Portronics,2023-08-01,126727.0
Portronics,2023-09-01,119934.0
Portronics,2023-10-01,75659.0
Portronics,2023-11-01,29344.0
Portronics,2023-12-01,95899.0
Portronics,2024-01-01,120323.0
Portronics,2024-02-01,155168.0
Portronics,2024-03-01,147405.0
Portronics,2024-04-01,123806.0
Portronics,2024-05-01,110512.0
Portronics,2024-06-01,140967.0
Portronics,2024-07-01,151550.0
Portronics,2024-08-01,157757.0
Portronics,2024-09-01,140716.0
Portronics,2024-10-01,165408.0
Portronics,2024-11-01,114387.0
Portronics,2024-12-01,147637.0
Portronics,2025-01-01,92430.0
Portronics,2025-02-01,129118.0
Portronics,2025-03-01,125385.0
Portronics,2025-04-01,95530.0
Portronics,2025-05-01,142413.0
Portronics,2025-06-01,123556.0
Portronics,2025-07-01,151647.0
Portronics,2025-08-01,185239.0
Portronics,2025-09-01,182035.0
Portronics,2025-10-01,148472.0
Portronics,2025-11-01,108387.0
Portronics,2025-12-01,152221.0
Portronics,2026-01-01,138673.0
Portronics,2026-02-01,157964.0
Portronics,2026-03-01,151530.0
QCY,2026-01-01,5406.0
QCY,2026-02-01,2410.0
QCY,2026-03-01,288.0
RD,2024-02-01,37.0
RD,2024-03-01,72110.0
Riot Labz,2025-02-01,500.0
Riot Labz,2025-03-01,600.0
Riot Labz,2025-04-01,700.0
Riot Labz,2025-05-01,1000.0
Riot Labz,2025-06-01,1212.0
Riot Labz,2025-07-01,900.0
Riot Labz,2025-08-01,1100.0
Riot Labz,2025-09-01,1476.0
Riot Labz,2025-10-01,798.0
Riot Labz,2025-11-01,200.0
Riot Labz,2026-01-01,300.0
Riot Labz,2026-02-01,200.0
Riot Labz,2026-03-01,250.0
SRK Powertech,2020-01-01,15165.0
SRK Powertech,2020-02-01,2742.0
SRK Powertech,2020-03-01,3464.0
SRK Powertech,2020-05-01,10082.0
SRK Powertech,2020-06-01,14465.0
SRK Powertech,2020-08-01,14783.0
SRK Powertech,2020-09-01,4468.0
SRK Powertech,2020-10-01,8334.0
SRK Powertech,2020-11-01,26663.0
SRK Powertech,2020-12-01,17450.0
SRK Powertech,2021-01-01,11004.0
SRK Powertech,2021-02-01,8010.0
SRK Powertech,2021-03-01,12594.0
SRK Powertech,2021-04-01,27032.0
SRK Powertech,2021-05-01,4997.0
SRK Powertech,2021-06-01,6997.000000000001
SRK Powertech,2021-07-01,15424.0
SRK Powertech,2021-08-01,65654.0
SRK Powertech,2021-09-01,57352.0
SRK Powertech,2021-10-01,92926.0
SRK Powertech,2021-11-01,43655.0
SRK Powertech,2021-12-01,87249.0
SRK Powertech,2022-01-01,43977.0
SRK Powertech,2022-02-01,52142.0
SRK Powertech,2022-03-01,69834.0
SRK Powertech,2022-04-01,41782.0
SRK Powertech,2022-05-01,88924.0
SRK Powertech,2022-06-01,93923.0
SRK Powertech,2022-07-01,119381.0
SRK Powertech,2022-08-01,97558.0
SRK Powertech,2022-09-01,169867.0
SRK Powertech,2022-10-01,134907.0
SRK Powertech,2022-11-01,126874.0
SRK Powertech,2022-12-01,151448.0
SRK Powertech,2023-01-01,133403.0
SRK Powertech,2023-02-01,94023.0
SRK Powertech,2023-03-01,146660.0
SRK Powertech,2023-04-01,140922.0
SRK Powertech,2023-05-01,148934.0
SRK Powertech,2023-06-01,166001.0
SRK Powertech,2023-07-01,128774.0
SRK Powertech,2023-08-01,161448.0
SRK Powertech,2023-09-01,186449.0
SRK Powertech,2023-10-01,158972.0
SRK Powertech,2023-11-01,84395.0
SRK Powertech,2023-12-01,114175.0
SRK Powertech,2024-01-01,129456.0
SRK Powertech,2024-02-01,65692.0
SRK Powertech,2024-03-01,151908.0
SRK Powertech,2024-04-01,190344.0
SRK Powertech,2024-05-01,79482.0
SRK Powertech,2024-06-01,224181.0
SRK Powertech,2024-07-01,159002.0
SRK Powertech,2024-08-01,158021.0
SRK Powertech,2024-09-01,188904.0
SRK Powertech,2024-10-01,99519.0
SRK Powertech,2024-11-01,48239.0
SRK Powertech,2024-12-01,240630.0
SRK Powertech,2025-01-01,59019.0
SRK Powertech,2025-02-01,57962.0
SRK Powertech,2025-03-01,40278.0
SRK Powertech,2025-04-01,55898.0
SRK Powertech,2025-05-01,76587.0
SRK Powertech,2025-06-01,128976.0
SRK Powertech,2025-07-01,85299.0
SRK Powertech,2025-08-01,96002.0
SRK Powertech,2025-09-01,96927.0
SRK Powertech,2025-10-01,119998.0
SRK Powertech,2025-11-01,106311.0
SRK Powertech,2025-12-01,118900.0
SRK Powertech,2026-01-01,128520.0
SRK Powertech,2026-02-01,131800.0
SRK Powertech,2026-03-01,138275.0
Samsung,2020-01-01,199160.0
Samsung,2020-02-01,351495.0
Samsung,2020-03-01,165375.0
Samsung,2020-05-01,539186.0
Samsung,2020-06-01,785682.0
Samsung,2020-07-01,434897.0
Samsung,2020-08-01,600179.0
Samsung,2020-09-01,500391.0
Samsung,2020-10-01,562539.0
Samsung,2020-11-01,136603.0
Samsung,2020-12-01,264897.0
Samsung,2021-01-01,405625.0
Samsung,2021-02-01,378997.0
Samsung,2021-03-01,411564.0
Samsung,2021-04-01,264403.0
Samsung,2021-05-01,299971.0
Samsung,2021-06-01,210109.0
Samsung,2021-07-01,264974.0
Samsung,2021-08-01,376345.0
Samsung,2021-09-01,465091.0
Samsung,2021-10-01,410962.0
Samsung,2021-11-01,238005.0
Samsung,2021-12-01,199015.0
Samsung,2022-01-01,144372.0
Samsung,2022-02-01,211891.0
Samsung,2022-03-01,212855.0
Samsung,2022-04-01,206273.0
Samsung,2022-05-01,192697.0
Samsung,2022-06-01,231553.0
Samsung,2022-07-01,370076.0
Samsung,2022-08-01,414678.0
Samsung,2022-09-01,522473.0
Samsung,2022-10-01,289930.0
Samsung,2022-11-01,108012.0
Samsung,2022-12-01,180622.0
Samsung,2023-01-01,217323.0
Samsung,2023-02-01,198206.0
Samsung,2023-03-01,197071.0
Samsung,2023-04-01,213988.0
Samsung,2023-05-01,234900.0
Samsung,2023-06-01,263775.0
Samsung,2023-07-01,322180.0
Samsung,2023-08-01,441521.0
Samsung,2023-09-01,490333.0
Samsung,2023-10-01,155699.0
Samsung,2023-11-01,174900.0
Samsung,2023-12-01,95165.0
Samsung,2024-01-01,58944.0
Samsung,2024-02-01,138388.0
Samsung,2024-03-01,107538.0
Samsung,2024-04-01,151988.0
Samsung,2024-05-01,157952.0
Samsung,2024-06-01,253887.0
Samsung,2024-07-01,246640.0
Samsung,2024-08-01,292042.0
Samsung,2024-09-01,410859.0
Samsung,2024-10-01,125160.0
Samsung,2024-11-01,60189.0
Samsung,2024-12-01,95019.0
Samsung,2025-01-01,197208.0
Samsung,2025-02-01,108508.0
Samsung,2025-03-01,184094.0
Samsung,2025-04-01,237052.0
Samsung,2025-05-01,299217.0
Samsung,2025-06-01,201849.0
Samsung,2025-07-01,292494.0
Samsung,2025-08-01,544277.0
Samsung,2025-09-01,495110.0
Samsung,2025-10-01,81131.0
Samsung,2025-11-01,68628.0
Samsung,2025-12-01,260355.0
Samsung,2026-01-01,77408.0
Samsung,2026-02-01,69316.0
Samsung,2026-03-01,106092.0
Sennheiser,2020-01-01,6565.0
Sennheiser,2020-02-01,5830.0
Sennheiser,2020-03-01,1711.0
Sennheiser,2020-05-01,3524.0
Sennheiser,2020-06-01,3110.0
Sennheiser,2020-07-01,4300.0
Sennheiser,2020-08-01,2550.0
Sennheiser,2020-09-01,6749.0
Sennheiser,2020-10-01,5890.0
Sennheiser,2020-11-01,2510.0
Sennheiser,2021-12-01,1345.0
Sennheiser,2022-01-01,2219.0
Sennheiser,2022-04-01,3553.0
Sennheiser,2022-05-01,3334.0
Sennheiser,2022-06-01,5376.0
Sennheiser,2022-07-01,10766.0
Sennheiser,2022-08-01,6040.0
Sennheiser,2022-09-01,2881.0
Sennheiser,2022-10-01,2389.0
Sennheiser,2022-11-01,969.0
Sennheiser,2022-12-01,2742.0
Sennheiser,2023-01-01,2996.0
Sennheiser,2023-02-01,1901.0
Sennheiser,2023-03-01,1444.0
Sennheiser,2023-04-01,3460.0
Sennheiser,2023-05-01,1192.0
Sennheiser,2023-06-01,4697.0
Sennheiser,2023-07-01,370.0
Sennheiser,2023-08-01,1559.0
Sennheiser,2023-09-01,3067.0
Sennheiser,2023-10-01,2941.0
Sennheiser,2023-11-01,1680.0
Sennheiser,2023-12-01,1271.0
Sennheiser,2024-01-01,1050.0
Sennheiser,2024-02-01,1601.0
Sennheiser,2024-03-01,3701.0
Sennheiser,2024-04-01,829.0
Sennheiser,2024-05-01,1769.0
Sennheiser,2024-06-01,6867.0
Sennheiser,2024-07-01,4959.0
Sennheiser,2024-08-01,6516.0
Sennheiser,2024-09-01,1251.0
Sennheiser,2024-10-01,1080.0
Sennheiser,2024-11-01,1197.0
Sennheiser,2024-12-01,478.0
Sennheiser,2025-01-01,792.0
Sennheiser,2025-02-01,702.0
Sennheiser,2025-03-01,4193.0
Sennheiser,2025-04-01,530.0
Sennheiser,2025-05-01,7371.0
Sennheiser,2025-06-01,4572.0
Sennheiser,2025-07-01,10438.0
Sennheiser,2025-08-01,5367.0
Sennheiser,2025-09-01,8892.0
Sennheiser,2025-10-01,2416.0
Sennheiser,2025-11-01,331.0
Sennheiser,2025-12-01,5298.0
Sennheiser,2026-01-01,2310.0
Sennheiser,2026-02-01,1085.0
Sennheiser,2026-03-01,8210.0
Shkod,2023-10-01,89857.0
Shkod,2023-11-01,29970.0
Shkod,2023-12-01,112140.0
Shkod,2024-01-01,148680.0
Shkod,2024-02-01,52440.0
Shkod,2024-03-01,59365.0
Shkod,2024-04-01,68420.0
Shkod,2024-05-01,23370.0
Shkod,2024-06-01,60290.0
Shkod,2024-07-01,105375.0
Shkod,2024-08-01,120140.0
Shkod,2024-09-01,94700.0
Shkod,2024-10-01,40530.0
Shkod,2024-11-01,58323.0
Shkod,2024-12-01,88178.0
Shkod,2025-01-01,45635.0
Shkod,2025-02-01,61383.0
Shkod,2025-03-01,63263.0
Shkod,2025-04-01,17101.0
Shkod,2025-06-01,40738.0
Shkod,2025-07-01,23715.0
Shkod,2025-09-01,14901.0
Shokz,2024-08-01,3188.0
Shokz,2024-10-01,504.0
Shokz,2024-12-01,216.0
Shokz,2025-01-01,624.0
Shokz,2025-02-01,504.0
Shokz,2025-03-01,792.0
Shokz,2025-04-01,1128.0
Shokz,2025-05-01,360.0
Shokz,2025-06-01,1224.0
Shokz,2025-07-01,2256.0
Shokz,2025-08-01,4344.0
Shokz,2025-09-01,3576.0
Shokz,2025-10-01,504.0
Shokz,2025-11-01,408.0
Shokz,2025-12-01,1176.0
Shokz,2026-01-01,3592.0
Shokz,2026-02-01,456.0
Shokz,2026-03-01,1617.0
Sonos,2024-09-01,800.0
Sonos,2024-10-01,512.0
Sonos,2024-12-01,256.0
Sonos,2025-01-01,512.0
Sonos,2026-02-01,356.0
Sony,2020-01-01,118557.0
Sony,2020-02-01,62174.0
Sony,2020-03-01,79943.0
Sony,2020-05-01,93626.0
Sony,2020-06-01,69972.0
Sony,2020-07-01,62148.0
Sony,2020-08-01,194572.0
Sony,2020-09-01,210448.0
Sony,2020-10-01,186986.0
Sony,2020-11-01,114950.0
Sony,2020-12-01,46793.0
Sony,2021-01-01,57987.0
Sony,2021-02-01,10368.0
Sony,2021-03-01,178401.0
Sony,2021-04-01,13782.0
Sony,2021-05-01,8888.0
Sony,2021-06-01,13573.000000000002
Sony,2021-07-01,8790.0
Sony,2021-08-01,27238.0
Sony,2021-09-01,107577.0
Sony,2021-10-01,80172.0
Sony,2021-11-01,11022.0
Sony,2021-12-01,59443.0
Sony,2022-01-01,64533.0
Sony,2022-02-01,61258.0
Sony,2022-03-01,54997.0
Sony,2022-04-01,17734.0
Sony,2022-05-01,15991.0
Sony,2022-06-01,56149.0
Sony,2022-07-01,70317.0
Sony,2022-08-01,71830.0
Sony,2022-09-01,108963.0
Sony,2022-10-01,64118.0
Sony,2022-11-01,25668.0
Sony,2022-12-01,45568.0
Sony,2023-01-01,14175.0
Sony,2023-02-01,38574.0
Sony,2023-03-01,37937.0
Sony,2023-04-01,49243.0
Sony,2023-05-01,46921.0
Sony,2023-06-01,55727.0
Sony,2023-07-01,83806.0
Sony,2023-08-01,79301.0
Sony,2023-09-01,88465.0
Sony,2023-10-01,33491.0
Sony,2023-11-01,41371.0
Sony,2023-12-01,34294.0
Sony,2024-01-01,39394.0
Sony,2024-02-01,14611.0
Sony,2024-03-01,24835.0
Sony,2024-04-01,23331.0
Sony,2024-05-01,62366.0
Sony,2024-06-01,21065.0
Sony,2024-07-01,39649.0
Sony,2024-08-01,61375.0
Sony,2024-09-01,101520.0
Sony,2024-10-01,56620.0
Sony,2024-11-01,26049.0
Sony,2024-12-01,41318.0
Sony,2025-01-01,11928.0
Sony,2025-02-01,25394.0
Sony,2025-03-01,40870.0
Sony,2025-04-01,35714.0
Sony,2025-05-01,36324.0
Sony,2025-06-01,44626.0
Sony,2025-07-01,64724.0
Sony,2025-08-01,109378.0
Sony,2025-09-01,97289.0
Sony,2025-10-01,27915.0
Sony,2025-11-01,18064.0
Sony,2025-12-01,31002.0
Sony,2026-01-01,19712.0
Sony,2026-02-01,26482.0
Sony,2026-03-01,37938.0
Soundlogic,2020-01-01,6000.0
Soundlogic,2020-06-01,21004.0
Soundlogic,2020-07-01,5004.0
Suunto,2021-08-01,225.0
Suunto,2022-03-01,45.0
Suunto,2022-04-01,15.0
Suunto,2024-06-01,54.0
Suunto,2024-08-01,10.0
Suunto,2024-09-01,31.0
Suunto,2024-10-01,12.0
Suunto,2025-01-01,33.0
Suunto,2025-02-01,27.0
Suunto,2025-03-01,21.0
Suunto,2025-04-01,30.0
Suunto,2025-05-01,26.0
Suunto,2025-06-01,10.0
Suunto,2025-07-01,38.0
Suunto,2025-09-01,39.0
Suunto,2025-10-01,35.0
Suunto,2025-11-01,18.0
Suunto,2025-12-01,25.0
Suunto,2026-02-01,42.0
Suunto,2026-03-01,3.0
Syska,2020-02-01,1022.0
Syska,2020-05-01,3454.0
Syska,2020-06-01,3034.0
Syska,2020-07-01,1060.0
Syska,2020-08-01,3317.0
Syska,2020-09-01,1905.0
Syska,2020-10-01,7909.0
Syska,2020-11-01,47559.0
Syska,2020-12-01,34756.0
Syska,2021-01-01,20249.0
Syska,2021-02-01,10375.0
Syska,2021-03-01,44327.0
Syska,2021-04-01,1033.0
Syska,2021-05-01,40795.0
Syska,2021-06-01,93631.0
Syska,2021-07-01,23224.0
Syska,2021-09-01,2327.0
Syska,2021-10-01,45309.0
Syska,2021-11-01,18854.0
Syska,2021-12-01,4343.0
Syska,2022-01-01,13412.0
Syska,2022-05-01,33176.0
Syska,2022-06-01,18100.0
Syska,2022-08-01,11040.0
Syska,2022-10-01,86171.0
Syska,2022-11-01,10558.0
Syska,2022-12-01,23132.0
Syska,2023-01-01,29319.0
Syska,2023-02-01,4801.0
Syska,2023-03-01,7013.0
Syska,2023-04-01,11135.0
Syska,2024-01-01,1874.0
Timex,2020-01-01,5532.0
Timex,2020-02-01,5165.0
Timex,2020-07-01,2442.0
Timex,2020-08-01,4393.0
Timex,2020-09-01,6145.0
Timex,2020-10-01,5000.0
Timex,2020-11-01,13525.0
Timex,2020-12-01,785.0
Timex,2021-01-01,3030.0
Timex,2021-02-01,6107.0
Timex,2021-03-01,2940.0
Timex,2021-04-01,12103.0
Timex,2021-05-01,4146.0
Timex,2021-07-01,15025.0
Timex,2021-08-01,9860.0
Timex,2021-09-01,24022.0
Timex,2021-10-01,14990.0
Timex,2021-11-01,14744.0
Timex,2021-12-01,18145.0
Timex,2022-01-01,21648.0
Timex,2022-02-01,14138.0
Timex,2022-03-01,21028.0
Timex,2022-04-01,14364.0
Timex,2022-05-01,10574.0
Timex,2022-06-01,11046.0
Timex,2022-07-01,11753.0
Timex,2022-08-01,10753.0
Timex,2022-09-01,12957.0
Timex,2022-10-01,12437.0
Timex,2022-11-01,3470.0
Timex,2022-12-01,4569.0
Timex,2023-01-01,5559.0
Timex,2023-02-01,7017.0
Timex,2023-03-01,8255.0
Timex,2023-04-01,10166.0
Timex,2023-05-01,7837.0
Timex,2023-06-01,6571.0
Timex,2023-07-01,6046.0
Timex,2023-08-01,1193.0
Timex,2023-09-01,248.0
Timex,2023-10-01,4516.0
Timex,2023-11-01,2837.0
Timex,2023-12-01,7798.0
Timex,2024-01-01,5779.0
Timex,2024-02-01,20149.0
Timex,2024-03-01,5145.0
Timex,2024-04-01,11934.0
Timex,2024-05-01,5362.0
Timex,2024-06-01,10761.0
Timex,2024-07-01,9799.0
Timex,2024-08-01,4639.0
Timex,2024-09-01,14991.0
Timex,2024-10-01,9368.0
Timex,2024-11-01,24917.0
Timex,2024-12-01,5678.0
Timex,2025-01-01,4980.0
Timex,2025-02-01,11415.0
Timex,2025-03-01,7799.0
Timex,2025-04-01,13905.0
Timex,2025-05-01,4133.0
Timex,2025-06-01,9020.0
Timex,2025-07-01,5190.0
Timex,2025-08-01,7128.0
Timex,2025-09-01,1765.0
Timex,2025-10-01,14251.0
Timex,2025-11-01,3705.0
Timex,2025-12-01,6315.0
Timex,2026-01-01,5240.0
Timex,2026-02-01,3682.0
Timex,2026-03-01,8279.0
Titan,2020-01-01,114126.0
Titan,2020-03-01,13564.0
Titan,2020-05-01,13872.0
Titan,2020-07-01,12143.0
Titan,2020-08-01,24047.0
Titan,2020-09-01,62087.0
Titan,2020-10-01,27113.0
Titan,2020-11-01,23557.0
Titan,2020-12-01,23915.0
Titan,2021-01-01,44628.0
Titan,2021-02-01,76936.0
Titan,2021-03-01,32436.0
Titan,2021-04-01,38072.0
Titan,2021-05-01,14113.0
Titan,2021-06-01,32279.0
Titan,2021-07-01,57707.0
Titan,2021-08-01,52421.0
Titan,2021-09-01,31733.0
Titan,2021-10-01,49427.0
Titan,2021-11-01,18606.0
Titan,2021-12-01,17276.0
Titan,2022-01-01,48423.0
Titan,2022-02-01,60584.0
Titan,2022-03-01,24622.0
Titan,2022-04-01,47687.0
Titan,2022-05-01,83928.0
Titan,2022-06-01,71074.0
Titan,2022-07-01,44642.0
Titan,2022-08-01,82431.0
Titan,2022-09-01,106400.0
Titan,2022-10-01,129311.0
Titan,2022-11-01,66640.0
Titan,2022-12-01,71458.0
Titan,2023-01-01,93678.0
Titan,2023-02-01,98981.0
Titan,2023-03-01,145697.0
Titan,2023-04-01,137635.0
Titan,2023-05-01,109231.0
Titan,2023-06-01,248982.0
Titan,2023-07-01,282433.0
Titan,2023-08-01,242319.0
Titan,2023-09-01,427242.0
Titan,2023-10-01,856966.0
Titan,2023-11-01,230941.0
Titan,2023-12-01,123375.0
Titan,2024-01-01,185926.0
Titan,2024-02-01,234905.0
Titan,2024-03-01,301522.0
Titan,2024-04-01,186696.0
Titan,2024-05-01,339676.0
Titan,2024-06-01,254620.0
Titan,2024-07-01,252852.0
Titan,2024-08-01,345346.0
Titan,2024-09-01,695315.0
Titan,2024-10-01,301193.0
Titan,2024-11-01,172995.0
Titan,2024-12-01,267438.0
Titan,2025-01-01,314126.0
Titan,2025-02-01,316674.0
Titan,2025-03-01,347717.0
Titan,2025-04-01,174910.0
Titan,2025-05-01,180545.0
Titan,2025-06-01,193252.0
Titan,2025-07-01,222694.0
Titan,2025-08-01,332215.0
Titan,2025-09-01,210050.0
Titan,2025-10-01,230077.0
Titan,2025-11-01,142251.0
Titan,2025-12-01,128944.0
Titan,2026-01-01,228405.0
Titan,2026-02-01,159121.0
Titan,2026-03-01,98731.0
Transsion,2020-01-01,15232.0
Transsion,2020-03-01,4992.0
Transsion,2020-05-01,1528.0
Transsion,2020-06-01,504.0
Transsion,2020-07-01,31288.0
Transsion,2020-08-01,32022.0
Transsion,2020-09-01,16498.0
Transsion,2020-10-01,22788.0
Transsion,2020-11-01,5984.0
Transsion,2020-12-01,13956.0
Transsion,2021-01-01,2999.0
Transsion,2021-02-01,22321.0
Transsion,2021-03-01,24907.0
Transsion,2021-04-01,3990.0
Transsion,2021-06-01,1999.0
Transsion,2021-07-01,6012.0
Transsion,2021-08-01,10009.999999999998
Transsion,2021-09-01,77476.0
Transsion,2021-10-01,72937.0
Transsion,2021-11-01,27992.0
Transsion,2021-12-01,78714.0
Transsion,2022-01-01,62045.0
Transsion,2022-02-01,11777.0
Transsion,2022-03-01,36937.0
Transsion,2022-04-01,123816.0
Transsion,2022-05-01,85418.0
Transsion,2022-06-01,124283.0
Transsion,2022-07-01,159941.0
Transsion,2022-08-01,157051.0
Transsion,2022-09-01,159297.0
Transsion,2022-10-01,60890.0
Transsion,2022-11-01,31205.0
Transsion,2022-12-01,102043.0
Transsion,2023-01-01,119180.0
Transsion,2023-02-01,94378.0
Transsion,2023-03-01,79000.0
Transsion,2023-04-01,99638.0
Transsion,2023-05-01,31544.0
Transsion,2023-06-01,130634.0
Transsion,2023-07-01,99845.0
Transsion,2023-08-01,93552.0
Transsion,2023-09-01,227330.0
Transsion,2023-10-01,122246.0
Transsion,2023-11-01,59098.0
Transsion,2023-12-01,81352.0
Transsion,2024-01-01,35654.0
Transsion,2024-02-01,97285.0
Transsion,2024-03-01,72329.0
Transsion,2024-04-01,36054.0
Transsion,2024-05-01,41690.0
Transsion,2024-06-01,149048.0
Transsion,2024-07-01,49690.0
Transsion,2024-08-01,59550.0
Transsion,2024-09-01,232693.0
Transsion,2024-10-01,60533.0
Transsion,2024-11-01,37174.0
Transsion,2024-12-01,164374.0
Transsion,2025-01-01,92328.0
Transsion,2025-02-01,76066.0
Transsion,2025-03-01,47953.0
Transsion,2025-04-01,15012.0
Transsion,2025-05-01,10042.0
Transsion,2025-06-01,194357.0
Transsion,2025-07-01,30381.0
Transsion,2025-08-01,44375.0
Transsion,2025-09-01,77316.0
Transsion,2025-10-01,20143.0
Transsion,2025-11-01,33122.0
Transsion,2025-12-01,128782.0
Transsion,2026-01-01,13177.0
Transsion,2026-02-01,10968.0
Transsion,2026-03-01,85595.0
Ubon,2023-01-01,17882.0
Ubon,2023-02-01,9123.0
Ubon,2023-03-01,4696.0
Ubon,2023-04-01,100.0
Ubon,2023-06-01,6000.0
Ubon,2023-07-01,1485.0
Ubon,2023-08-01,196914.0
Ubon,2023-09-01,36009.0
Ubon,2023-10-01,20000.0
Ubon,2023-12-01,10000.0
Ubon,2024-01-01,116140.0
Ubon,2024-02-01,60480.0
Ubon,2024-03-01,15000.0
Ubon,2024-04-01,108900.0
Ubon,2024-05-01,86319.0
Ubon,2024-06-01,34348.0
Ubon,2024-07-01,102676.0
Ubon,2024-08-01,213781.0
Ubon,2024-09-01,26181.0
Ubon,2024-10-01,91392.0
Ubon,2024-11-01,66000.0
Ubon,2024-12-01,88000.0
Ubon,2025-01-01,59844.0
Ubon,2025-03-01,57403.0
Ubon,2025-04-01,86026.0
Ubon,2025-05-01,151750.0
Ubon,2025-06-01,101970.0
Ubon,2025-07-01,3000.0
Ubon,2025-08-01,25901.0
Ubon,2025-09-01,19956.0
Ubon,2025-10-01,18198.0
Ubon,2025-11-01,57415.0
Ubon,2025-12-01,58347.0
Ubon,2026-01-01,160154.0
Ubon,2026-02-01,48422.0
Ubon,2026-03-01,56564.0
Ultrahuman,2023-09-01,41509.0
Ultrahuman,2023-10-01,5864.0
Ultrahuman,2023-11-01,9495.0
Ultrahuman,2023-12-01,9467.0
Ultrahuman,2024-01-01,8636.0
Ultrahuman,2024-02-01,9483.0
Ultrahuman,2024-03-01,10137.0
Ultrahuman,2024-04-01,9987.0
Ultrahuman,2024-05-01,12501.0
Ultrahuman,2024-06-01,12720.0
Ultrahuman,2024-07-01,9930.0
Ultrahuman,2024-08-01,10698.0
Ultrahuman,2024-09-01,13340.0
Ultrahuman,2024-10-01,10240.0
Ultrahuman,2024-11-01,9054.0
Ultrahuman,2024-12-01,12858.0
Ultrahuman,2025-01-01,8878.0
Ultrahuman,2025-02-01,6342.0
Ultrahuman,2025-03-01,6478.0
Ultrahuman,2025-04-01,8344.0
Ultrahuman,2025-05-01,7912.0
Ultrahuman,2025-06-01,6993.0
Ultrahuman,2025-07-01,6500.0
Ultrahuman,2025-08-01,3400.0
Ultrahuman,2025-09-01,4267.0
Ultrahuman,2025-10-01,2454.0
Ultrahuman,2025-11-01,1433.0
Ultrahuman,2025-12-01,5009.0
Ultrahuman,2026-01-01,4544.0
Ultrahuman,2026-02-01,2171.0
Ultrahuman,2026-03-01,2344.0
WeCool,2020-01-01,500.0
WeCool,2020-02-01,200.0
WeCool,2020-05-01,300.0
WeCool,2020-06-01,1859.0
WeCool,2020-07-01,5239.0
WeCool,2020-08-01,14032.0
WeCool,2020-09-01,8901.0
WeCool,2020-10-01,19021.0
WeCool,2020-11-01,37626.0
WeCool,2020-12-01,69261.0
WeCool,2021-01-01,46710.0
WeCool,2021-02-01,27342.0
WeCool,2021-03-01,18133.0
WeCool,2021-04-01,25845.0
WeCool,2021-05-01,38579.0
WeCool,2021-06-01,41478.0
WeCool,2021-07-01,44293.0
WeCool,2021-08-01,41088.0
WeCool,2021-09-01,35128.0
WeCool,2021-10-01,50881.0
WeCool,2021-11-01,15510.0
WeCool,2021-12-01,36304.0
WeCool,2022-01-01,54785.0
WeCool,2022-02-01,31431.0
WeCool,2022-03-01,6938.0
WeCool,2022-04-01,19624.0
WeCool,2022-05-01,11697.0
WeCool,2022-06-01,5006.0
WeCool,2022-07-01,7982.0
WeCool,2022-09-01,55349.0
WeCool,2022-10-01,34468.0
WeCool,2022-11-01,26330.0
WeCool,2022-12-01,2822.0
WeCool,2023-01-01,2032.0
WeCool,2023-02-01,2709.0
WeCool,2023-04-01,3266.0
WeCool,2023-06-01,2400.0
WeCool,2023-09-01,400.0
WeCool,2023-10-01,300.0
WeCool,2024-03-01,700.0
WeCool,2024-04-01,1472.0
WeCool,2024-05-01,1500.0
WeCool,2024-06-01,2700.0
WeCool,2024-09-01,1300.0
WeCool,2024-10-01,700.0
WeCool,2024-12-01,2002.0
WeCool,2025-02-01,600.0
WeCool,2025-03-01,1000.0
WeCool,2025-04-01,800.0
WeCool,2025-05-01,1400.0
WeCool,2025-06-01,1503.0
WeCool,2025-07-01,4600.0
WeCool,2025-08-01,420.0
WeCool,2025-09-01,2343.0
WeCool,2025-10-01,1000.0
WeCool,2025-11-01,1300.0
WeCool,2025-12-01,100.0
WeCool,2026-01-01,2200.0
WeCool,2026-02-01,900.0
WeCool,2026-03-01,1299.0
Whoop,2024-06-01,100.0
Whoop,2024-07-01,56.0
Whoop,2024-08-01,52.0
Whoop,2024-09-01,3000.0
Whoop,2024-10-01,2998.0
Whoop,2024-11-01,2544.0
Whoop,2024-12-01,1467.0
Whoop,2025-03-01,3000.0
Whoop,2025-06-01,5002.0
Whoop,2025-07-01,3009.0
Whoop,2025-08-01,3500.0
Whoop,2025-09-01,4542.0
Whoop,2025-10-01,1986.0
Whoop,2025-11-01,1434.0
Whoop,2025-12-01,700.0
Whoop,2026-01-01,5688.0
Whoop,2026-02-01,1536.0
Whoop,2026-03-01,4104.0
Withings,2024-04-01,220.0
Withings,2024-05-01,80.0
Withings,2024-06-01,60.0
Withings,2024-10-01,179.0
Withings,2024-11-01,110.0
Withings,2025-01-01,60.0
Withings,2025-04-01,120.0
Withings,2025-08-01,100.0
Withings,2025-09-01,81.0
Withings,2025-10-01,45.0
Withings,2025-12-01,145.0
Withings,2026-02-01,8.0
Withings,2026-03-01,60.0
Xiaomi,2020-01-01,268667.0
Xiaomi,2020-02-01,218833.0
Xiaomi,2020-03-01,167772.0
Xiaomi,2020-05-01,198479.0
Xiaomi,2020-06-01,369155.0
Xiaomi,2020-07-01,116439.0
Xiaomi,2020-08-01,210435.0
Xiaomi,2020-09-01,390803.0
Xiaomi,2020-10-01,861363.0
Xiaomi,2020-11-01,215805.0
Xiaomi,2020-12-01,217539.0
Xiaomi,2021-01-01,211755.0
Xiaomi,2021-02-01,199718.0
Xiaomi,2021-03-01,190015.0
Xiaomi,2021-04-01,131423.0
Xiaomi,2021-05-01,98052.0
Xiaomi,2021-06-01,260446.0
Xiaomi,2021-07-01,238086.0
Xiaomi,2021-08-01,297789.0
Xiaomi,2021-09-01,478942.0
Xiaomi,2021-10-01,336840.0
Xiaomi,2021-11-01,116135.0
Xiaomi,2021-12-01,112010.0
Xiaomi,2022-01-01,176604.0
Xiaomi,2022-02-01,169980.0
Xiaomi,2022-03-01,104191.0
Xiaomi,2022-04-01,111750.0
Xiaomi,2022-05-01,78927.0
Xiaomi,2022-06-01,85071.0
Xiaomi,2022-07-01,109687.0
Xiaomi,2022-08-01,68603.0
Xiaomi,2022-09-01,140004.0
Xiaomi,2022-10-01,107476.0
Xiaomi,2022-11-01,25306.0
Xiaomi,2022-12-01,20842.0
Xiaomi,2023-01-01,32747.0
Xiaomi,2023-02-01,41296.0
Xiaomi,2023-03-01,50970.0
Xiaomi,2023-04-01,21183.0
Xiaomi,2023-05-01,14495.0
Xiaomi,2023-06-01,114677.0
Xiaomi,2023-07-01,76476.0
Xiaomi,2023-08-01,151984.0
Xiaomi,2023-09-01,102053.0
Xiaomi,2023-10-01,240874.0
Xiaomi,2023-11-01,33333.0
Xiaomi,2023-12-01,85993.0
Xiaomi,2024-01-01,82372.0
Xiaomi,2024-02-01,86896.0
Xiaomi,2024-03-01,47858.0
Xiaomi,2024-04-01,86986.0
Xiaomi,2024-05-01,64342.0
Xiaomi,2024-06-01,99530.0
Xiaomi,2024-07-01,114043.0
Xiaomi,2024-08-01,128439.0
Xiaomi,2024-09-01,159315.0
Xiaomi,2024-10-01,134358.0
Xiaomi,2024-11-01,17834.0
Xiaomi,2024-12-01,129160.0
Xiaomi,2025-01-01,57955.0
Xiaomi,2025-02-01,73730.0
Xiaomi,2025-03-01,59920.0
Xiaomi,2025-04-01,102005.0
Xiaomi,2025-05-01,141238.0
Xiaomi,2025-06-01,101234.0
Xiaomi,2025-07-01,111056.0
Xiaomi,2025-08-01,128932.0
Xiaomi,2025-09-01,163146.0
Xiaomi,2025-10-01,101689.0
Xiaomi,2025-11-01,43814.0
Xiaomi,2025-12-01,44586.0
Xiaomi,2026-01-01,58997.0
Xiaomi,2026-02-01,71920.0
Xiaomi,2026-03-01,58200.0
Zebronics,2020-01-01,77885.0
Zebronics,2020-02-01,34460.0
Zebronics,2020-03-01,18720.0
Zebronics,2020-05-01,20700.0
Zebronics,2020-06-01,57610.0
Zebronics,2020-07-01,21000.0
Zebronics,2020-08-01,117150.0
Zebronics,2020-09-01,102050.0
Zebronics,2020-10-01,154572.0
Zebronics,2020-11-01,119240.0
Zebronics,2020-12-01,377531.0
Zebronics,2021-01-01,276021.0
Zebronics,2021-02-01,336179.0
Zebronics,2021-03-01,262245.0
Zebronics,2021-04-01,96271.0
Zebronics,2021-05-01,102327.0
Zebronics,2021-06-01,145203.0
Zebronics,2021-07-01,242916.0
Zebronics,2021-08-01,87167.0
Zebronics,2021-09-01,192875.0
Zebronics,2021-10-01,314512.0
Zebronics,2021-11-01,136309.0
Zebronics,2021-12-01,245196.0
Zebronics,2022-01-01,246747.0
Zebronics,2022-02-01,251647.0
Zebronics,2022-03-01,162404.0
Zebronics,2022-04-01,173649.0
Zebronics,2022-05-01,168033.0
Zebronics,2022-06-01,165446.0
Zebronics,2022-07-01,243569.0
Zebronics,2022-08-01,42046.0
Zebronics,2022-09-01,100937.0
Zebronics,2022-10-01,138347.0
Zebronics,2022-11-01,78295.0
Zebronics,2022-12-01,89427.0
Zebronics,2023-01-01,87601.0
Zebronics,2023-02-01,80627.0
Zebronics,2023-03-01,42421.0
Zebronics,2023-04-01,54097.0
Zebronics,2023-05-01,77615.0
Zebronics,2023-06-01,37379.0
Zebronics,2023-07-01,49010.0
Zebronics,2023-08-01,125240.0
Zebronics,2023-09-01,84444.0
Zebronics,2023-10-01,81930.0
Zebronics,2023-11-01,52126.0
Zebronics,2023-12-01,30081.0
Zebronics,2024-01-01,59828.0
Zebronics,2024-02-01,190849.0
Zebronics,2024-03-01,23234.0
Zebronics,2024-04-01,87591.0
Zebronics,2024-05-01,208381.0
Zebronics,2024-06-01,265695.0
Zebronics,2024-07-01,125515.0
Zebronics,2024-08-01,164873.0
Zebronics,2024-09-01,353071.0
Zebronics,2024-10-01,214747.0
Zebronics,2024-11-01,139943.0
Zebronics,2024-12-01,79991.0
Zebronics,2025-01-01,54502.0
Zebronics,2025-02-01,135112.0
Zebronics,2025-03-01,245356.0
Zebronics,2025-04-01,97303.0
Zebronics,2025-05-01,172569.0
Zebronics,2025-06-01,133969.0
Zebronics,2025-07-01,74228.0
Zebronics,2025-08-01,139260.0
Zebronics,2025-09-01,110597.0
Zebronics,2025-10-01,130736.0
Zebronics,2025-11-01,105175.0
Zebronics,2025-12-01,144483.0
Zebronics,2026-01-01,78659.0
Zebronics,2026-02-01,81850.0
Zebronics,2026-03-01,127893.0
Zepp,2020-01-01,36440.0
Zepp,2020-02-01,3950.0
Zepp,2020-03-01,6510.0
Zepp,2020-05-01,3313.0
Zepp,2020-06-01,67479.0
Zepp,2020-07-01,47860.0
Zepp,2020-08-01,22270.0
Zepp,2020-09-01,19210.0
Zepp,2020-10-01,76770.0
Zepp,2020-11-01,65045.0
Zepp,2020-12-01,48642.0
Zepp,2021-01-01,55839.0
Zepp,2021-02-01,24872.0
Zepp,2021-03-01,23518.0
Zepp,2021-04-01,64240.0
Zepp,2021-05-01,35995.0
Zepp,2021-06-01,49070.0
Zepp,2021-07-01,65899.0
Zepp,2021-08-01,43420.0
Zepp,2021-09-01,96391.0
Zepp,2021-10-01,83905.0
Zepp,2021-11-01,42615.0
Zepp,2021-12-01,34094.0
Zepp,2022-01-01,33658.0
Zepp,2022-02-01,14118.0
Zepp,2022-03-01,29050.0
Zepp,2022-04-01,62285.0
Zepp,2022-05-01,20301.0
Zepp,2022-06-01,40016.0
Zepp,2022-07-01,95060.0
Zepp,2022-08-01,18580.0
Zepp,2022-09-01,39078.0
Zepp,2022-10-01,94702.0
Zepp,2022-11-01,52259.0
Zepp,2022-12-01,41123.0
Zepp,2023-01-01,34425.0
Zepp,2023-02-01,54678.0
Zepp,2023-03-01,48878.0
Zepp,2023-04-01,33705.0
Zepp,2023-05-01,17124.0
Zepp,2023-06-01,60168.0
Zepp,2023-07-01,29856.0
Zepp,2023-08-01,32406.0
Zepp,2023-09-01,28490.0
Zepp,2023-10-01,28147.0
Zepp,2023-11-01,19900.0
Zepp,2023-12-01,12710.0
Zepp,2024-01-01,16902.0
Zepp,2024-02-01,20794.0
Zepp,2024-03-01,6997.0
Zepp,2024-04-01,7842.0
Zepp,2024-05-01,5708.0
Zepp,2024-06-01,11091.0
Zepp,2024-07-01,5306.0
Zepp,2024-08-01,3689.0
Zepp,2024-09-01,32212.0
Zepp,2024-10-01,7019.0
Zepp,2024-11-01,4017.0
Zepp,2024-12-01,771.0
Zepp,2025-01-01,19369.0
Zepp,2025-02-01,2479.0
Zepp,2025-03-01,4765.0
Zepp,2025-04-01,8192.0
Zepp,2025-05-01,7754.0
Zepp,2025-06-01,427.0
Zepp,2025-07-01,15498.0
Zepp,2025-08-01,11388.0
Zepp,2025-09-01,19723.0
Zepp,2025-10-01,7024.0
Zepp,2025-11-01,1155.0
Zepp,2025-12-01,7435.0
Zepp,2026-01-01,10498.0
Zepp,2026-02-01,7835.0
Zepp,2026-03-01,9079.0
vivo,2020-07-01,22710.0
vivo,2020-08-01,7902.0
vivo,2021-12-01,20101.0
vivo,2022-01-01,12323.0
vivo,2022-02-01,9899.0
vivo,2022-03-01,15043.0
vivo,2022-04-01,20543.0
vivo,2022-05-01,13976.0
vivo,2022-06-01,6774.0
vivo,2022-09-01,2998.0
vivo,2022-10-01,7777.0
vivo,2022-11-01,1748.0
vivo,2022-12-01,3222.0
vivo,2023-01-01,555.0
vivo,2023-02-01,17726.0
vivo,2023-03-01,13774.0
vivo,2023-05-01,1615.0
vivo,2023-06-01,411.0
vivo,2024-08-01,28955.0
vivo,2024-09-01,58417.0
vivo,2024-10-01,10700.0
vivo,2024-11-01,300.0
vivo,2024-12-01,500.0
vivo,2025-04-01,3876.0
vivo,2025-07-01,5434.0
vivo,2025-08-01,24843.0
vivo,2025-09-01,20.0
vivo,2025-10-01,3000.0
